<?xml version="1.0" encoding="UTF-8"?>
<!DOCTYPE nitf SYSTEM "http://www.nitf.org/IPTC/NITF/3.3/specification/dtd/nitf-3-3.dtd">
<nitf change.date="June 10, 2005" change.time="19:30" version="-//IPTC//DTD NITF 3.3//EN">
  <head>
    <title>Moore Sculpture Approved to Be Altar</title>
    <meta content="19" name="publication_day_of_month"/>
    <meta content="2" name="publication_month"/>
    <meta content="1987" name="publication_year"/>
    <meta content="Thursday" name="publication_day_of_week"/>
    <meta content="Cultural Desk" name="dsk"/>
    <meta content="21" name="print_page_number"/>
    <meta content="C" name="print_section"/>
    <meta content="5" name="print_column"/>
    <meta content="Arts" name="online_sections"/>
    <docdata>
      <doc-id id-string="14629"/>
      <doc.copyright holder="The New York Times" year="1987"/>
      <identified-content>
        <classifier class="indexing_service" type="descriptor">ANGLICAN CHURCHES</classifier>
        <classifier class="indexing_service" type="descriptor">DECISIONS AND VERDICTS</classifier>
        <classifier class="indexing_service" type="descriptor">ART</classifier>
        <location class="indexing_service">LONDON (ENG)</location>
        <person class="indexing_service">MOORE, HENRY (SCULPTOR)</person>
        <object.title class="indexing_service">ST STEPHEN WALBROOK CHURCH (LONDON)</object.title>
        <classifier class="online_producer" type="taxonomic_classifier">Top/News</classifier>
        <classifier class="online_producer" type="taxonomic_classifier">Top/Features/Arts</classifier>
        <classifier class="online_producer" type="taxonomic_classifier">Top/News/World/Europe</classifier>
        <classifier class="online_producer" type="taxonomic_classifier">Top/Features/Arts/Art and Design</classifier>
        <classifier class="online_producer" type="taxonomic_classifier">Top/Features/Travel/Guides/Activities and Interests/Art</classifier>
        <classifier class="online_producer" type="taxonomic_classifier">Top/Classifieds/Job Market/Job Categories/Art and Design</classifier>
        <classifier class="online_producer" type="taxonomic_classifier">Top/Features/Travel/Guides/Destinations/Europe/Britain/England/London</classifier>
        <classifier class="online_producer" type="taxonomic_classifier">Top/Features/Travel/Guides/Destinations/Europe</classifier>
        <classifier class="online_producer" type="taxonomic_classifier">Top/Features/Travel/Guides/Destinations/Europe/Britain</classifier>
        <classifier class="online_producer" type="taxonomic_classifier">Top/Features/Travel/Guides/Destinations/Europe/Britain/England</classifier>
        <classifier class="online_producer" type="general_descriptor">Anglican Churches</classifier>
        <classifier class="online_producer" type="general_descriptor">Decisions and Verdicts</classifier>
        <classifier class="online_producer" type="general_descriptor">Art</classifier>
        <classifier class="online_producer" type="general_descriptor">Christians and Christianity</classifier>
        <classifier class="online_producer" type="general_descriptor">Religion and Churches</classifier>
      </identified-content>
    </docdata>
    <pubdata date.publication="19870219T000000" ex-ref="http://query.nytimes.com/gst/fullpage.html?res=9B0DE1D71F39F93AA25751C0A961948260" item-length="192" name="The New York Times" unit-of-measure="word"/>
  </head>
  <body>
    <body.head>
      <hedline>
        <hl1>Moore Sculpture Approved to Be Altar</hl1>
      </hedline>
      <byline class="print_byline">AP</byline>
      <dateline>LONDON, Feb. 18</dateline>
    </body.head>
    <body.content>
      <block class="lead_paragraph">
        <p>LEAD: An ecclesiastical court has ruled that a marble block sculptured by Henry Moore is a suitable church altar.</p>
      </block>
      <block class="full_text">
        <p>LEAD: An ecclesiastical court has ruled that a marble block sculptured by Henry Moore is a suitable church altar.</p>
        <p>An ecclesiastical court has ruled that a marble block sculptured by Henry Moore is a suitable church altar.</p>
        <p>The Court of Ecclesiastical Causes Reserved of the Church of England said the modern sculpture could remain in use as the altar in the 17th-century St. Stephen Walbrook Church, a Sir Christopher Wren masterpiece in central London.</p>
        <p>The ruling overturns a February 1986 decision by the chancellor of the London Diocesan Consistory Court, George Newsom. He said the eight-and-a-half-ton, flat-topped sculpture, which has no legs and sits on a circular base, could not be considered a holy table and should be removed from the church.</p>
        <p>Under Anglican law, an altar must function as a table, in remembrance of Christ's Last Supper.</p>
        <p>A property developer, Peter Palumbo, who is spending $2 million to renovate the church, and church officials appealed Chancellor Newsom's decision. The ecclesiastical court, consisting of two High Court judges, two bishops and a former bishop, ruled in their favor.</p>
        <p>Mr. Palumbo, a patron of modern art, commissioned the sculpture in 1967. Moore, one of Britain's greatest sculptors, died last August at age 88.</p>
      </block>
    </body.content>
  </body>
</nitf>
