<?xml version="1.0" encoding="UTF-8"?>
<!DOCTYPE nitf SYSTEM "http://www.nitf.org/IPTC/NITF/3.3/specification/dtd/nitf-3-3.dtd">
<nitf change.date="June 10, 2005" change.time="19:30" version="-//IPTC//DTD NITF 3.3//EN">
  <head>
    <title>CENERGY CORP reports earnings for Qtr to Dec 31</title>
    <meta content="2" name="publication_day_of_month"/>
    <meta content="3" name="publication_month"/>
    <meta content="1987" name="publication_year"/>
    <meta content="Monday" name="publication_day_of_week"/>
    <meta content="Financial Desk" name="dsk"/>
    <meta content="10" name="print_page_number"/>
    <meta content="D" name="print_section"/>
    <meta content="1" name="print_column"/>
    <meta content="Business" name="online_sections"/>
    <docdata>
      <doc-id id-string="17974"/>
      <doc.copyright holder="The New York Times" year="1987"/>
      <identified-content>
        <classifier class="indexing_service" type="descriptor">COMPANY REPORTS</classifier>
        <classifier class="online_producer" type="types_of_material">Statistics</classifier>
        <classifier class="online_producer" type="taxonomic_classifier">Top/News/Business</classifier>
        <classifier class="online_producer" type="general_descriptor">Company Reports</classifier>
        <classifier class="online_producer" type="general_descriptor">Corporations</classifier>
      </identified-content>
    </docdata>
    <pubdata date.publication="19870302T000000" ex-ref="http://query.nytimes.com/gst/fullpage.html?res=9F05E0D71038F931A35750C0A961948260" item-length="60" name="The New York Times" unit-of-measure="word"/>
  </head>
  <body>
    <body.head>
      <hedline>
        <hl1>CENERGY CORP reports earnings for Qtr to Dec 31</hl1>
      </hedline>
    </body.head>
    <body.content>
      <block class="lead_paragraph">
        <p>LEAD:</p>
        <p>*3*** COMPANY REPORTS **</p>
        <p>*3*CENERGY CORP (NYSE)</p>
        <p>Qtr to Dec 31</p>
        <p>1986</p>
        <p>1985</p>
        <p>Revenue</p>
        <p>7,700,000</p>
        <p>-</p>
        <p>Net inc</p>
        <p>790,000</p>
        <p>-</p>
        <p>Share earns</p>
        <p>.07</p>
        <p>-</p>
        <p>Yr rev</p>
        <p>37,000,000</p>
        <p>-</p>
        <p>Net loss</p>
        <p>6,600,000</p>
        <p>-</p>
        <p>The company said 1985 results are not comparable because it changed from a fiscal year ending March 31 to a calendar year.</p>
      </block>
      <block class="full_text">
        <p>LEAD:</p>
        <p>*3*** COMPANY REPORTS **</p>
        <p>*3*CENERGY CORP (NYSE)</p>
        <p>Qtr to Dec 31</p>
        <p>1986</p>
        <p>1985</p>
        <p>Revenue</p>
        <p>7,700,000</p>
        <p>-</p>
        <p>Net inc</p>
        <p>790,000</p>
        <p>-</p>
        <p>Share earns</p>
        <p>.07</p>
        <p>-</p>
        <p>Yr rev</p>
        <p>37,000,000</p>
        <p>-</p>
        <p>Net loss</p>
        <p>6,600,000</p>
        <p>-</p>
        <p>The company said 1985 results are not comparable because it changed from a fiscal year ending March 31 to a calendar year.</p>
        <p>*3*** COMPANY REPORTS **</p>
        <p>*3*CENERGY CORP (NYSE)</p>
        <p>Qtr to Dec 31</p>
        <p>1986</p>
        <p>1985</p>
        <p>Revenue</p>
        <p>7,700,000</p>
        <p>-</p>
        <p>Net inc</p>
        <p>790,000</p>
        <p>-</p>
        <p>Share earns</p>
        <p>.07</p>
        <p>-</p>
        <p>Yr rev</p>
        <p>37,000,000</p>
        <p>-</p>
        <p>Net loss</p>
        <p>6,600,000</p>
        <p>-</p>
        <p>The company said 1985 results are not comparable because it changed from a fiscal year ending March 31 to a calendar year.</p>
      </block>
    </body.content>
  </body>
</nitf>
