<?xml version="1.0" encoding="UTF-8"?>
<!DOCTYPE nitf SYSTEM "http://www.nitf.org/IPTC/NITF/3.3/specification/dtd/nitf-3-3.dtd">
<nitf change.date="June 10, 2005" change.time="19:30" version="-//IPTC//DTD NITF 3.3//EN">
  <head>
    <title>ELECTROSOUND GROUP reports earnings for Qtr to Feb 28</title>
    <meta content="27" name="publication_day_of_month"/>
    <meta content="3" name="publication_month"/>
    <meta content="1987" name="publication_year"/>
    <meta content="Friday" name="publication_day_of_week"/>
    <meta content="Financial Desk" name="dsk"/>
    <meta content="14" name="print_page_number"/>
    <meta content="D" name="print_section"/>
    <meta content="5" name="print_column"/>
    <meta content="Business" name="online_sections"/>
    <docdata>
      <doc-id id-string="24830"/>
      <doc.copyright holder="The New York Times" year="1987"/>
      <identified-content>
        <classifier class="indexing_service" type="descriptor">COMPANY REPORTS</classifier>
        <classifier class="online_producer" type="types_of_material">Statistics</classifier>
        <classifier class="online_producer" type="taxonomic_classifier">Top/News/Business</classifier>
        <classifier class="online_producer" type="general_descriptor">Company Reports</classifier>
        <classifier class="online_producer" type="general_descriptor">Corporations</classifier>
      </identified-content>
    </docdata>
    <pubdata date.publication="19870327T000000" ex-ref="http://query.nytimes.com/gst/fullpage.html?res=9F05E0D7163BF934A15750C0A961948260" item-length="90" name="The New York Times" unit-of-measure="word"/>
  </head>
  <body>
    <body.head>
      <hedline>
        <hl1>ELECTROSOUND GROUP reports earnings for Qtr to Feb 28</hl1>
      </hedline>
    </body.head>
    <body.content>
      <block class="lead_paragraph">
        <p>LEAD:</p>
        <p>*3*** COMPANY REPORTS **</p>
        <p>*3*ELECTROSOUND GROUP (AMEX)</p>
        <p>Qtr to Feb 28</p>
        <p>1987</p>
        <p>1986</p>
        <p>Revenue</p>
        <p>6,244,000</p>
        <p>8,148,000</p>
        <p>Net loss</p>
        <p>b28,000</p>
        <p>c164,000</p>
        <p>9mo rev</p>
        <p>22,629,000</p>
        <p>28,472,000</p>
        <p>Net inc</p>
        <p>b605,000</p>
        <p>c576,000</p>
        <p>Share earns</p>
        <p>.33</p>
        <p>.38</p>
        <p>Shares outst</p>
        <p>1,840,000</p>
        <p>1,537,000</p>
      </block>
      <block class="full_text">
        <p>LEAD:</p>
        <p>*3*** COMPANY REPORTS **</p>
        <p>*3*ELECTROSOUND GROUP (AMEX)</p>
        <p>Qtr to Feb 28</p>
        <p>1987</p>
        <p>1986</p>
        <p>Revenue</p>
        <p>6,244,000</p>
        <p>8,148,000</p>
        <p>Net loss</p>
        <p>b28,000</p>
        <p>c164,000</p>
        <p>9mo rev</p>
        <p>22,629,000</p>
        <p>28,472,000</p>
        <p>Net inc</p>
        <p>b605,000</p>
        <p>c576,000</p>
        <p>Share earns</p>
        <p>.33</p>
        <p>.38</p>
        <p>Shares outst</p>
        <p>1,840,000</p>
        <p>1,537,000</p>
        <p>*3*** COMPANY REPORTS **</p>
        <p>*3*ELECTROSOUND GROUP (AMEX)</p>
        <p>Qtr to Feb 28</p>
        <p>1987</p>
        <p>1986</p>
        <p>Revenue</p>
        <p>6,244,000</p>
        <p>8,148,000</p>
        <p>Net loss</p>
        <p>b28,000</p>
        <p>c164,000</p>
        <p>9mo rev</p>
        <p>22,629,000</p>
        <p>28,472,000</p>
        <p>Net inc</p>
        <p>b605,000</p>
        <p>c576,000</p>
        <p>Share earns</p>
        <p>.33</p>
        <p>.38</p>
        <p>Shares outst</p>
        <p>1,840,000</p>
        <p>1,537,000</p>
        <p>b-Includes an extraordinary charge of $13,000 for the quarter and a tax credit of $258,000 for the 9 months.</p>
        <p>c-Includes an extraordinary charge of $85,000 for the quarter and a tax credit of $235,000 for the 9 months.</p>
      </block>
    </body.content>
  </body>
</nitf>
