<?xml version="1.0" encoding="UTF-8"?>
<!DOCTYPE nitf SYSTEM "http://www.nitf.org/IPTC/NITF/3.3/specification/dtd/nitf-3-3.dtd">
<nitf change.date="June 10, 2005" change.time="19:30" version="-//IPTC//DTD NITF 3.3//EN">
  <head>
    <title>RICHARDSON ELECTRONICS LTD reports earnings for Qtr to May 31</title>
    <meta content="15" name="publication_day_of_month"/>
    <meta content="8" name="publication_month"/>
    <meta content="1987" name="publication_year"/>
    <meta content="Saturday" name="publication_day_of_week"/>
    <meta content="Financial Desk" name="dsk"/>
    <meta content="39" name="print_page_number"/>
    <meta content="1" name="print_section"/>
    <meta content="1" name="print_column"/>
    <meta content="Business" name="online_sections"/>
    <docdata>
      <doc-id id-string="66220"/>
      <doc.copyright holder="The New York Times" year="1987"/>
      <identified-content>
        <classifier class="indexing_service" type="descriptor">COMPANY REPORTS</classifier>
        <classifier class="online_producer" type="types_of_material">Statistics</classifier>
        <classifier class="online_producer" type="taxonomic_classifier">Top/News/Business</classifier>
        <classifier class="online_producer" type="general_descriptor">Company Reports</classifier>
        <classifier class="online_producer" type="general_descriptor">Corporations</classifier>
      </identified-content>
    </docdata>
    <pubdata date.publication="19870815T000000" ex-ref="http://query.nytimes.com/gst/fullpage.html?res=9405E0D7153FF936A2575BC0A961948260" item-length="59" name="The New York Times" unit-of-measure="word"/>
  </head>
  <body>
    <body.head>
      <hedline>
        <hl1>RICHARDSON ELECTRONICS LTD reports earnings for Qtr to May 31</hl1>
      </hedline>
    </body.head>
    <body.content>
      <block class="lead_paragraph">
        <p>LEAD:</p>
        <p>*3*** COMPANY REPORTS **</p>
        <p>*3*RICHARDSON ELECTRONICS LTD (OTC)</p>
        <p>Qtr to May 31</p>
        <p>1987</p>
        <p>1986</p>
        <p>Sales</p>
        <p>30,269,000</p>
        <p>23,639,000</p>
        <p>Net inc</p>
        <p>2,355,000</p>
        <p>1,704,000</p>
        <p>Share earns</p>
        <p>.23</p>
        <p>.19</p>
        <p>Year sales</p>
        <p>101,216,000</p>
        <p>75,501,000</p>
        <p>Net inc</p>
        <p>8,209,000</p>
        <p>6,064,000</p>
        <p>Share earns</p>
        <p>.82</p>
        <p>.75</p>
      </block>
      <block class="full_text">
        <p>LEAD:</p>
        <p>*3*** COMPANY REPORTS **</p>
        <p>*3*RICHARDSON ELECTRONICS LTD (OTC)</p>
        <p>Qtr to May 31</p>
        <p>1987</p>
        <p>1986</p>
        <p>Sales</p>
        <p>30,269,000</p>
        <p>23,639,000</p>
        <p>Net inc</p>
        <p>2,355,000</p>
        <p>1,704,000</p>
        <p>Share earns</p>
        <p>.23</p>
        <p>.19</p>
        <p>Year sales</p>
        <p>101,216,000</p>
        <p>75,501,000</p>
        <p>Net inc</p>
        <p>8,209,000</p>
        <p>6,064,000</p>
        <p>Share earns</p>
        <p>.82</p>
        <p>.75</p>
        <p>*3*** COMPANY REPORTS **</p>
        <p>*3*RICHARDSON ELECTRONICS LTD (OTC)</p>
        <p>Qtr to May 31</p>
        <p>1987</p>
        <p>1986</p>
        <p>Sales</p>
        <p>30,269,000</p>
        <p>23,639,000</p>
        <p>Net inc</p>
        <p>2,355,000</p>
        <p>1,704,000</p>
        <p>Share earns</p>
        <p>.23</p>
        <p>.19</p>
        <p>Year sales</p>
        <p>101,216,000</p>
        <p>75,501,000</p>
        <p>Net inc</p>
        <p>8,209,000</p>
        <p>6,064,000</p>
        <p>Share earns</p>
        <p>.82</p>
        <p>.75</p>
        <p>Corrected from yesterday's editions.</p>
      </block>
    </body.content>
  </body>
</nitf>
