<?xml version="1.0" encoding="UTF-8"?>
<!DOCTYPE nitf SYSTEM "http://www.nitf.org/IPTC/NITF/3.3/specification/dtd/nitf-3-3.dtd">
<nitf change.date="June 10, 2005" change.time="19:30" version="-//IPTC//DTD NITF 3.3//EN">
  <head>
    <title>MARCI INTERNATIONAL IMFPORTS reports earnings for Qtr to Aug 2</title>
    <meta content="16" name="publication_day_of_month"/>
    <meta content="9" name="publication_month"/>
    <meta content="1987" name="publication_year"/>
    <meta content="Wednesday" name="publication_day_of_week"/>
    <meta content="Financial Desk" name="dsk"/>
    <meta content="6" name="print_page_number"/>
    <meta content="D" name="print_section"/>
    <meta content="4" name="print_column"/>
    <meta content="Business" name="online_sections"/>
    <docdata>
      <doc-id id-string="74829"/>
      <doc.copyright holder="The New York Times" year="1987"/>
      <identified-content>
        <classifier class="indexing_service" type="descriptor">COMPANY REPORTS</classifier>
        <classifier class="online_producer" type="types_of_material">Statistics</classifier>
        <classifier class="online_producer" type="taxonomic_classifier">Top/News/Business</classifier>
        <classifier class="online_producer" type="general_descriptor">Company Reports</classifier>
        <classifier class="online_producer" type="general_descriptor">Corporations</classifier>
      </identified-content>
    </docdata>
    <pubdata date.publication="19870916T000000" ex-ref="http://query.nytimes.com/gst/fullpage.html?res=9505E0D7153AF935A2575AC0A961948260" item-length="47" name="The New York Times" unit-of-measure="word"/>
  </head>
  <body>
    <body.head>
      <hedline>
        <hl1>MARCI INTERNATIONAL IMFPORTS reports earnings for Qtr to Aug 2</hl1>
      </hedline>
    </body.head>
    <body.content>
      <block class="lead_paragraph">
        <p>LEAD:</p>
        <p>*3*** COMPANY REPORTS **</p>
        <p>*3*MARCI INTERNATIONAL IMFPORTS</p>
        <p>Qtr to Aug 2</p>
        <p>1987</p>
        <p>1986</p>
        <p>Sales</p>
        <p>2,855,042</p>
        <p>2,024,940</p>
        <p>Net inc</p>
        <p>b41,853</p>
        <p>c13,166</p>
        <p>Share earns</p>
        <p>.02</p>
        <p>-</p>
        <p>b-Includes a gain of $68,000 from an accounting change.</p>
        <p>c-Net loss</p>
      </block>
      <block class="full_text">
        <p>LEAD:</p>
        <p>*3*** COMPANY REPORTS **</p>
        <p>*3*MARCI INTERNATIONAL IMFPORTS</p>
        <p>Qtr to Aug 2</p>
        <p>1987</p>
        <p>1986</p>
        <p>Sales</p>
        <p>2,855,042</p>
        <p>2,024,940</p>
        <p>Net inc</p>
        <p>b41,853</p>
        <p>c13,166</p>
        <p>Share earns</p>
        <p>.02</p>
        <p>-</p>
        <p>b-Includes a gain of $68,000 from an accounting change.</p>
        <p>c-Net loss</p>
        <p>*3*** COMPANY REPORTS **</p>
        <p>*3*MARCI INTERNATIONAL IMFPORTS</p>
        <p>Qtr to Aug 2</p>
        <p>1987</p>
        <p>1986</p>
        <p>Sales</p>
        <p>2,855,042</p>
        <p>2,024,940</p>
        <p>Net inc</p>
        <p>b41,853</p>
        <p>c13,166</p>
        <p>Share earns</p>
        <p>.02</p>
        <p>-</p>
        <p>b-Includes a gain of $68,000 from an accounting change.</p>
        <p>c-Net loss</p>
      </block>
    </body.content>
  </body>
</nitf>
