<?xml version="1.0" encoding="UTF-8"?>
<!DOCTYPE nitf SYSTEM "http://www.nitf.org/IPTC/NITF/3.3/specification/dtd/nitf-3-3.dtd">
<nitf change.date="June 10, 2005" change.time="19:30" version="-//IPTC//DTD NITF 3.3//EN">
  <head>
    <title>Israel Awaits Modern Plague</title>
    <meta content="18" name="publication_day_of_month"/>
    <meta content="5" name="publication_month"/>
    <meta content="1988" name="publication_year"/>
    <meta content="Wednesday" name="publication_day_of_week"/>
    <meta content="Foreign Desk" name="dsk"/>
    <meta content="15" name="print_page_number"/>
    <meta content="A" name="print_section"/>
    <meta content="4" name="print_column"/>
    <meta content="World" name="online_sections"/>
    <docdata>
      <doc-id id-string="146169"/>
      <doc.copyright holder="The New York Times" year="1988"/>
      <identified-content>
        <classifier class="indexing_service" type="descriptor">LOCUSTS</classifier>
        <location class="indexing_service">ISRAEL, STATE OF</location>
        <classifier class="online_producer" type="taxonomic_classifier">Top/News</classifier>
        <classifier class="online_producer" type="taxonomic_classifier">Top/News/World/Countries and Territories/Israel</classifier>
        <classifier class="online_producer" type="taxonomic_classifier">Top/News/World</classifier>
        <classifier class="online_producer" type="taxonomic_classifier">Top/News/World/Middle East</classifier>
        <classifier class="online_producer" type="taxonomic_classifier">Top/Features/Travel/Guides/Destinations/Middle East</classifier>
        <classifier class="online_producer" type="taxonomic_classifier">Top/Features/Travel/Guides/Destinations/Middle East/Israel</classifier>
        <classifier class="online_producer" type="general_descriptor">Insects</classifier>
      </identified-content>
    </docdata>
    <pubdata date.publication="19880518T000000" ex-ref="http://query.nytimes.com/gst/fullpage.html?res=940DE2D61339F93BA25756C0A96E948260" item-length="60" name="The New York Times" unit-of-measure="word"/>
  </head>
  <body>
    <body.head>
      <hedline>
        <hl1>Israel Awaits Modern Plague</hl1>
      </hedline>
      <byline class="print_byline">AP</byline>
      <dateline>JERUSALEM, May 17</dateline>
    </body.head>
    <body.content>
      <block class="lead_paragraph">
        <p>LEAD: Israel set up emergency telephone hot lines Tuesday and prepared insecticide-spraying planes to fly into action against a possible plague of locusts, the desert insects dreaded since biblical times. Only a small number of locusts were sighted in southern Israel and the Jordan River valley, but officials warned of a possible larger invasion from the south.</p>
      </block>
      <block class="full_text">
        <p>LEAD: Israel set up emergency telephone hot lines Tuesday and prepared insecticide-spraying planes to fly into action against a possible plague of locusts, the desert insects dreaded since biblical times. Only a small number of locusts were sighted in southern Israel and the Jordan River valley, but officials warned of a possible larger invasion from the south.</p>
        <p>Israel set up emergency telephone hot lines Tuesday and prepared insecticide-spraying planes to fly into action against a possible plague of locusts, the desert insects dreaded since biblical times. Only a small number of locusts were sighted in southern Israel and the Jordan River valley, but officials warned of a possible larger invasion from the south.</p>
      </block>
    </body.content>
  </body>
</nitf>
