<?xml version="1.0" encoding="UTF-8"?>
<!DOCTYPE nitf SYSTEM "http://www.nitf.org/IPTC/NITF/3.3/specification/dtd/nitf-3-3.dtd">
<nitf change.date="June 10, 2005" change.time="19:30" version="-//IPTC//DTD NITF 3.3//EN">
  <head>
    <title>Pope, Evans &amp; Robbins Inc reports earnings for Qtr to March 31</title>
    <meta content="24" name="publication_day_of_month"/>
    <meta content="5" name="publication_month"/>
    <meta content="1988" name="publication_year"/>
    <meta content="Tuesday" name="publication_day_of_week"/>
    <meta content="Financial Desk" name="dsk"/>
    <meta content="15" name="print_page_number"/>
    <meta content="D" name="print_section"/>
    <meta content="1" name="print_column"/>
    <meta content="Business" name="online_sections"/>
    <docdata>
      <doc-id id-string="148074"/>
      <doc.copyright holder="The New York Times" year="1988"/>
      <identified-content>
        <classifier class="indexing_service" type="descriptor">COMPANY REPORTS</classifier>
        <classifier class="online_producer" type="types_of_material">Statistics</classifier>
        <classifier class="online_producer" type="taxonomic_classifier">Top/News/Business</classifier>
        <classifier class="online_producer" type="general_descriptor">Company Reports</classifier>
        <classifier class="online_producer" type="general_descriptor">Corporations</classifier>
      </identified-content>
    </docdata>
    <pubdata date.publication="19880524T000000" ex-ref="http://query.nytimes.com/gst/fullpage.html?res=9905EFD7113CF937A15756C0A96E948260" item-length="88" name="The New York Times" unit-of-measure="word"/>
  </head>
  <body>
    <body.head>
      <hedline>
        <hl1>Pope, Evans &amp; Robbins Inc reports earnings for Qtr to March 31</hl1>
      </hedline>
    </body.head>
    <body.content>
      <block class="lead_paragraph">
        <p>LEAD:</p>
        <p>*3*** COMPANY REPORTS **</p>
        <p>*3* Pope, Evans &amp; Robbins Inc (AMEX)</p>
        <p>Qtr to March 31</p>
        <p>1988</p>
        <p>1987</p>
        <p>Sales</p>
        <p>28,755,000</p>
        <p>11,414,000</p>
        <p>Net loss</p>
        <p>b5,412,000</p>
        <p>2,004,000</p>
        <p>9mo sales</p>
        <p>108,262,000</p>
        <p>47,343,000</p>
        <p>Net loss</p>
        <p>b22,811,000</p>
        <p>c4,342,000</p>
        <p>b-Included pre-tax provisions of $3,450,000 for the quarter and $11.9 million for the 9 months on note receivables; the 9 months also included a pre-tax writeoff of good will of $7,013,000.</p>
      </block>
      <block class="full_text">
        <p>LEAD:</p>
        <p>*3*** COMPANY REPORTS **</p>
        <p>*3* Pope, Evans &amp; Robbins Inc (AMEX)</p>
        <p>Qtr to March 31</p>
        <p>1988</p>
        <p>1987</p>
        <p>Sales</p>
        <p>28,755,000</p>
        <p>11,414,000</p>
        <p>Net loss</p>
        <p>b5,412,000</p>
        <p>2,004,000</p>
        <p>9mo sales</p>
        <p>108,262,000</p>
        <p>47,343,000</p>
        <p>Net loss</p>
        <p>b22,811,000</p>
        <p>c4,342,000</p>
        <p>b-Included pre-tax provisions of $3,450,000 for the quarter and $11.9 million for the 9 months on note receivables; the 9 months also included a pre-tax writeoff of good will of $7,013,000.</p>
        <p>*3*** COMPANY REPORTS **</p>
        <p>*3* Pope, Evans &amp; Robbins Inc (AMEX)</p>
        <p>Qtr to March 31</p>
        <p>1988</p>
        <p>1987</p>
        <p>Sales</p>
        <p>28,755,000</p>
        <p>11,414,000</p>
        <p>Net loss</p>
        <p>b5,412,000</p>
        <p>2,004,000</p>
        <p>9mo sales</p>
        <p>108,262,000</p>
        <p>47,343,000</p>
        <p>Net loss</p>
        <p>b22,811,000</p>
        <p>c4,342,000</p>
        <p>b-Included pre-tax provisions of $3,450,000 for the quarter and $11.9 million for the 9 months on note receivables; the 9 months also included a pre-tax writeoff of good will of $7,013,000.</p>
        <p>c-After a loss from discontinued operations of $388,000.</p>
      </block>
    </body.content>
  </body>
</nitf>
