<?xml version="1.0" encoding="UTF-8"?>
<!DOCTYPE nitf SYSTEM "http://www.nitf.org/IPTC/NITF/3.3/specification/dtd/nitf-3-3.dtd">
<nitf change.date="June 10, 2005" change.time="19:30" version="-//IPTC//DTD NITF 3.3//EN">
  <head>
    <title>Corrections</title>
    <meta content="1" name="publication_day_of_month"/>
    <meta content="6" name="publication_month"/>
    <meta content="1988" name="publication_year"/>
    <meta content="Wednesday" name="publication_day_of_week"/>
    <meta content="Metropolitan Desk" name="dsk"/>
    <meta content="3" name="print_page_number"/>
    <meta content="A" name="print_section"/>
    <meta content="2" name="print_column"/>
    <meta content="Corrections; Washington; New York and Region" name="online_sections"/>
    <docdata>
      <doc-id id-string="150127"/>
      <doc.copyright holder="The New York Times" year="1988"/>
      <identified-content>
        <classifier class="indexing_service" type="descriptor">CORRECTION STORIES</classifier>
        <classifier class="indexing_service" type="descriptor">TELEVISION</classifier>
        <classifier class="indexing_service" type="descriptor">SUMMIT CONFERENCES</classifier>
        <classifier class="indexing_service" type="descriptor">UNITED STATES INTERNATIONAL RELATIONS</classifier>
        <classifier class="indexing_service" type="descriptor">INTERNATIONAL RELATIONS</classifier>
        <location class="indexing_service">UNION OF SOVIET SOCIALIST REPUBLICS</location>
        <org class="indexing_service">AMERICAN BROADCASTING COS INC (ABC)</org>
        <classifier class="online_producer" type="types_of_material">Correction</classifier>
        <classifier class="online_producer" type="taxonomic_classifier">Top/News/New York and Region</classifier>
        <classifier class="online_producer" type="taxonomic_classifier">Top/News/Corrections</classifier>
        <classifier class="online_producer" type="taxonomic_classifier">Top/News/Washington</classifier>
        <classifier class="online_producer" type="general_descriptor">Summit Conferences</classifier>
        <classifier class="online_producer" type="general_descriptor">United States International Relations</classifier>
        <classifier class="online_producer" type="general_descriptor">United States International Relations</classifier>
        <classifier class="online_producer" type="general_descriptor">Television</classifier>
        <classifier class="online_producer" type="general_descriptor">International Relations</classifier>
        <classifier class="online_producer" type="general_descriptor">Conventions and Conferences</classifier>
        <classifier class="online_producer" type="general_descriptor">United States Politics and Government</classifier>
        <classifier class="online_producer" type="general_descriptor">Politics and Government</classifier>
      </identified-content>
    </docdata>
    <pubdata date.publication="19880601T000000" ex-ref="http://query.nytimes.com/gst/fullpage.html?res=940DEFDD1739F932A35755C0A96E948260" item-length="51" name="The New York Times" unit-of-measure="word"/>
  </head>
  <body>
    <body.head>
      <hedline>
        <hl1>Corrections</hl1>
      </hedline>
    </body.head>
    <body.content>
      <block class="lead_paragraph">
        <p>LEAD: An article yesterday about television coverage of the Moscow summit meeting referred incorrectly to ABC's coverage of President Reagan's meeting on Monday with 100 Soviet dissidents at the United States Ambassador's residence. The coverage was interrupted only for periodic comments on the proceedings.</p>
      </block>
      <block class="full_text">
        <p>LEAD: An article yesterday about television coverage of the Moscow summit meeting referred incorrectly to ABC's coverage of President Reagan's meeting on Monday with 100 Soviet dissidents at the United States Ambassador's residence. The coverage was interrupted only for periodic comments on the proceedings.</p>
        <p>An article yesterday about television coverage of the Moscow summit meeting referred incorrectly to ABC's coverage of President Reagan's meeting on Monday with 100 Soviet dissidents at the United States Ambassador's residence. The coverage was interrupted only for periodic comments on the proceedings.</p>
      </block>
    </body.content>
  </body>
</nitf>
