<?xml version="1.0" encoding="UTF-8"?>
<!DOCTYPE nitf SYSTEM "http://www.nitf.org/IPTC/NITF/3.3/specification/dtd/nitf-3-3.dtd">
<nitf change.date="June 10, 2005" change.time="19:30" version="-//IPTC//DTD NITF 3.3//EN">
  <head>
    <title>Question Of the Week; What Should Righetti's Role Be?</title>
    <meta content="24" name="publication_day_of_month"/>
    <meta content="7" name="publication_month"/>
    <meta content="1988" name="publication_year"/>
    <meta content="Sunday" name="publication_day_of_week"/>
    <meta content="Sports Desk" name="dsk"/>
    <meta content="7" name="print_page_number"/>
    <meta content="8" name="print_section"/>
    <meta content="1" name="print_column"/>
    <meta content="Sports; Opinion" name="online_sections"/>
    <docdata>
      <doc-id id-string="164306"/>
      <doc.copyright holder="The New York Times" year="1988"/>
      <identified-content>
        <classifier class="indexing_service" type="descriptor">BASEBALL</classifier>
        <org class="indexing_service">NEW YORK YANKEES</org>
        <person class="indexing_service">SUSSMAN, J J</person>
        <person class="indexing_service">RIGHETTI, DAVE</person>
        <classifier class="online_producer" type="types_of_material">Letter</classifier>
        <classifier class="online_producer" type="taxonomic_classifier">Top/News/Sports</classifier>
        <classifier class="online_producer" type="taxonomic_classifier">Top/Opinion</classifier>
        <classifier class="online_producer" type="taxonomic_classifier">Top/Opinion/Opinion</classifier>
        <classifier class="online_producer" type="general_descriptor">Baseball</classifier>
      </identified-content>
    </docdata>
    <pubdata date.publication="19880724T000000" ex-ref="http://query.nytimes.com/gst/fullpage.html?res=940DEFD9103AF937A15754C0A96E948260" item-length="11" name="The New York Times" unit-of-measure="word"/>
  </head>
  <body>
    <body.head>
      <hedline>
        <hl1>Question Of the Week; What Should Righetti's Role Be?</hl1>
      </hedline>
    </body.head>
    <body.content>
      <block class="lead_paragraph">
        <p>LEAD: Righetti's role is in Japan.  J. J. SUSSMAN  New York</p>
      </block>
      <block class="full_text">
        <p>LEAD: Righetti's role is in Japan.  J. J. SUSSMAN  New York</p>
        <p>Righetti's role is in Japan.  J. J. SUSSMAN  New York</p>
      </block>
    </body.content>
  </body>
</nitf>
