<?xml version="1.0" encoding="UTF-8"?>
<!DOCTYPE nitf SYSTEM "http://www.nitf.org/IPTC/NITF/3.3/specification/dtd/nitf-3-3.dtd">
<nitf change.date="June 10, 2005" change.time="19:30" version="-//IPTC//DTD NITF 3.3//EN">
  <head>
    <title>Baruch-Foster Corp reports earnings for Qtr to June 30</title>
    <meta content="18" name="publication_day_of_month"/>
    <meta content="8" name="publication_month"/>
    <meta content="1988" name="publication_year"/>
    <meta content="Thursday" name="publication_day_of_week"/>
    <meta content="Financial Desk" name="dsk"/>
    <meta content="2" name="print_page_number"/>
    <meta content="D" name="print_section"/>
    <meta content="1" name="print_column"/>
    <meta content="Business" name="online_sections"/>
    <docdata>
      <doc-id id-string="172086"/>
      <doc.copyright holder="The New York Times" year="1988"/>
      <identified-content>
        <classifier class="indexing_service" type="descriptor">COMPANY REPORTS</classifier>
        <classifier class="online_producer" type="types_of_material">Statistics</classifier>
        <classifier class="online_producer" type="taxonomic_classifier">Top/News/Business</classifier>
        <classifier class="online_producer" type="general_descriptor">Company Reports</classifier>
        <classifier class="online_producer" type="general_descriptor">Corporations</classifier>
      </identified-content>
    </docdata>
    <pubdata date.publication="19880818T000000" ex-ref="http://query.nytimes.com/gst/fullpage.html?res=9405EFD71338F93BA2575BC0A96E948260" item-length="41" name="The New York Times" unit-of-measure="word"/>
  </head>
  <body>
    <body.head>
      <hedline>
        <hl1>Baruch-Foster Corp reports earnings for Qtr to June 30</hl1>
      </hedline>
    </body.head>
    <body.content>
      <block class="lead_paragraph">
        <p>LEAD:</p>
        <p>*3*** COMPANY REPORTS **</p>
        <p>*3* Baruch-Foster Corp (AMEX)</p>
        <p>Qtr to June 30</p>
        <p>1988</p>
        <p>1987</p>
        <p>Revenue</p>
        <p>1,846,019</p>
        <p>2,153,212</p>
        <p>Net loss</p>
        <p>510,323</p>
        <p>116,141</p>
        <p>6mo rev</p>
        <p>3,708,376</p>
        <p>4,392,002</p>
        <p>Net loss</p>
        <p>980,166</p>
        <p>155,753</p>
      </block>
      <block class="full_text">
        <p>LEAD:</p>
        <p>*3*** COMPANY REPORTS **</p>
        <p>*3* Baruch-Foster Corp (AMEX)</p>
        <p>Qtr to June 30</p>
        <p>1988</p>
        <p>1987</p>
        <p>Revenue</p>
        <p>1,846,019</p>
        <p>2,153,212</p>
        <p>Net loss</p>
        <p>510,323</p>
        <p>116,141</p>
        <p>6mo rev</p>
        <p>3,708,376</p>
        <p>4,392,002</p>
        <p>Net loss</p>
        <p>980,166</p>
        <p>155,753</p>
        <p>*3*** COMPANY REPORTS **</p>
        <p>*3* Baruch-Foster Corp (AMEX)</p>
        <p>Qtr to June 30</p>
        <p>1988</p>
        <p>1987</p>
        <p>Revenue</p>
        <p>1,846,019</p>
        <p>2,153,212</p>
        <p>Net loss</p>
        <p>510,323</p>
        <p>116,141</p>
        <p>6mo rev</p>
        <p>3,708,376</p>
        <p>4,392,002</p>
        <p>Net loss</p>
        <p>980,166</p>
        <p>155,753</p>
      </block>
    </body.content>
  </body>
</nitf>
