<?xml version="1.0" encoding="UTF-8"?>
<!DOCTYPE nitf SYSTEM "http://www.nitf.org/IPTC/NITF/3.3/specification/dtd/nitf-3-3.dtd">
<nitf change.date="June 10, 2005" change.time="19:30" version="-//IPTC//DTD NITF 3.3//EN">
  <head>
    <title>MacNeal-Schwendler Corp reports earnings for Qtr to July 31</title>
    <meta content="18" name="publication_day_of_month"/>
    <meta content="8" name="publication_month"/>
    <meta content="1988" name="publication_year"/>
    <meta content="Thursday" name="publication_day_of_week"/>
    <meta content="Financial Desk" name="dsk"/>
    <meta content="2" name="print_page_number"/>
    <meta content="D" name="print_section"/>
    <meta content="1" name="print_column"/>
    <meta content="Business" name="online_sections"/>
    <docdata>
      <doc-id id-string="172152"/>
      <doc.copyright holder="The New York Times" year="1988"/>
      <identified-content>
        <classifier class="indexing_service" type="descriptor">COMPANY REPORTS</classifier>
        <classifier class="online_producer" type="types_of_material">Statistics</classifier>
        <classifier class="online_producer" type="taxonomic_classifier">Top/News/Business</classifier>
        <classifier class="online_producer" type="general_descriptor">Company Reports</classifier>
        <classifier class="online_producer" type="general_descriptor">Corporations</classifier>
      </identified-content>
    </docdata>
    <pubdata date.publication="19880818T000000" ex-ref="http://query.nytimes.com/gst/fullpage.html?res=9405EFD7123EF93BA2575BC0A96E948260" item-length="52" name="The New York Times" unit-of-measure="word"/>
  </head>
  <body>
    <body.head>
      <hedline>
        <hl1>MacNeal-Schwendler Corp reports earnings for Qtr to July 31</hl1>
      </hedline>
    </body.head>
    <body.content>
      <block class="lead_paragraph">
        <p>LEAD:</p>
        <p>*3*** COMPANY REPORTS **</p>
        <p>*3* MacNeal-Schwendler Corp (AMEX)</p>
        <p>Qtr to July 31</p>
        <p>1988</p>
        <p>1987</p>
        <p>Revenue</p>
        <p>10,054,000</p>
        <p>8,461,000</p>
        <p>Net inc</p>
        <p>2,246,000</p>
        <p>2,235,000</p>
        <p>Share earns</p>
        <p>.18</p>
        <p>.18</p>
        <p>6mo rev</p>
        <p>19,721,000</p>
        <p>16,294,000</p>
        <p>Net inc</p>
        <p>4,428,000</p>
        <p>4,190,000</p>
        <p>Share earns</p>
        <p>.36</p>
        <p>.34</p>
      </block>
      <block class="full_text">
        <p>LEAD:</p>
        <p>*3*** COMPANY REPORTS **</p>
        <p>*3* MacNeal-Schwendler Corp (AMEX)</p>
        <p>Qtr to July 31</p>
        <p>1988</p>
        <p>1987</p>
        <p>Revenue</p>
        <p>10,054,000</p>
        <p>8,461,000</p>
        <p>Net inc</p>
        <p>2,246,000</p>
        <p>2,235,000</p>
        <p>Share earns</p>
        <p>.18</p>
        <p>.18</p>
        <p>6mo rev</p>
        <p>19,721,000</p>
        <p>16,294,000</p>
        <p>Net inc</p>
        <p>4,428,000</p>
        <p>4,190,000</p>
        <p>Share earns</p>
        <p>.36</p>
        <p>.34</p>
        <p>*3*** COMPANY REPORTS **</p>
        <p>*3* MacNeal-Schwendler Corp (AMEX)</p>
        <p>Qtr to July 31</p>
        <p>1988</p>
        <p>1987</p>
        <p>Revenue</p>
        <p>10,054,000</p>
        <p>8,461,000</p>
        <p>Net inc</p>
        <p>2,246,000</p>
        <p>2,235,000</p>
        <p>Share earns</p>
        <p>.18</p>
        <p>.18</p>
        <p>6mo rev</p>
        <p>19,721,000</p>
        <p>16,294,000</p>
        <p>Net inc</p>
        <p>4,428,000</p>
        <p>4,190,000</p>
        <p>Share earns</p>
        <p>.36</p>
        <p>.34</p>
      </block>
    </body.content>
  </body>
</nitf>
