<?xml version="1.0" encoding="UTF-8"?>
<!DOCTYPE nitf SYSTEM "http://www.nitf.org/IPTC/NITF/3.3/specification/dtd/nitf-3-3.dtd">
<nitf change.date="June 10, 2005" change.time="19:30" version="-//IPTC//DTD NITF 3.3//EN">
  <head>
    <title>Correction</title>
    <meta content="9" name="publication_day_of_month"/>
    <meta content="1" name="publication_month"/>
    <meta content="1989" name="publication_year"/>
    <meta content="Monday" name="publication_day_of_week"/>
    <meta content="Metropolitan Desk" name="dsk"/>
    <meta content="3" name="print_page_number"/>
    <meta content="A" name="print_section"/>
    <meta content="2" name="print_column"/>
    <meta content="Corrections; New York and Region" name="online_sections"/>
    <docdata>
      <doc-id id-string="212814"/>
      <doc.copyright holder="The New York Times" year="1989"/>
      <identified-content>
        <classifier class="indexing_service" type="descriptor">ROYAL FAMILY</classifier>
        <classifier class="indexing_service" type="descriptor">CORRECTION STORIES</classifier>
        <location class="indexing_service">JAPAN</location>
        <classifier class="online_producer" type="types_of_material">Correction</classifier>
        <classifier class="online_producer" type="taxonomic_classifier">Top/News/New York and Region</classifier>
        <classifier class="online_producer" type="taxonomic_classifier">Top/News/Corrections</classifier>
        <classifier class="online_producer" type="taxonomic_classifier">Top/Features/Travel/Guides/Destinations/Asia</classifier>
        <classifier class="online_producer" type="taxonomic_classifier">Top/Features/Travel/Guides/Destinations/Asia/Japan</classifier>
        <classifier class="online_producer" type="general_descriptor">Royal Family</classifier>
      </identified-content>
    </docdata>
    <pubdata date.publication="19890109T000000" ex-ref="http://query.nytimes.com/gst/fullpage.html?res=950DEED71230F93AA35752C0A96F948260" item-length="46" name="The New York Times" unit-of-measure="word"/>
  </head>
  <body>
    <body.head>
      <hedline>
        <hl1>Correction</hl1>
      </hedline>
    </body.head>
    <body.content>
      <block class="lead_paragraph">
        <p>LEAD: A front-page picture caption in some copies yesterday, based on information from The Associated Press, misidentified the men with Emperor Akihito of Japan. From the right were Akihito; Crown Prince Hiro; Akihito's brother, Prince Hitachi, and a cousin, Prince Tomohito.</p>
      </block>
      <block class="full_text">
        <p>LEAD: A front-page picture caption in some copies yesterday, based on information from The Associated Press, misidentified the men with Emperor Akihito of Japan. From the right were Akihito; Crown Prince Hiro; Akihito's brother, Prince Hitachi, and a cousin, Prince Tomohito.</p>
        <p>A front-page picture caption in some copies yesterday, based on information from The Associated Press, misidentified the men with Emperor Akihito of Japan. From the right were Akihito; Crown Prince Hiro; Akihito's brother, Prince Hitachi, and a cousin, Prince Tomohito.</p>
      </block>
    </body.content>
  </body>
</nitf>
