<?xml version="1.0" encoding="UTF-8"?>
<!DOCTYPE nitf SYSTEM "http://www.nitf.org/IPTC/NITF/3.3/specification/dtd/nitf-3-3.dtd">
<nitf change.date="June 10, 2005" change.time="19:30" version="-//IPTC//DTD NITF 3.3//EN">
  <head>
    <title>Figgie International Inc reports earnings for Qtr to Dec 31</title>
    <meta content="2" name="publication_day_of_month"/>
    <meta content="2" name="publication_month"/>
    <meta content="1989" name="publication_year"/>
    <meta content="Thursday" name="publication_day_of_week"/>
    <meta content="Financial Desk" name="dsk"/>
    <meta content="5" name="print_page_number"/>
    <meta content="D" name="print_section"/>
    <meta content="1" name="print_column"/>
    <meta content="Business" name="online_sections"/>
    <docdata>
      <doc-id id-string="219763"/>
      <doc.copyright holder="The New York Times" year="1989"/>
      <identified-content>
        <classifier class="indexing_service" type="descriptor">COMPANY REPORTS</classifier>
        <classifier class="online_producer" type="types_of_material">Statistics</classifier>
        <classifier class="online_producer" type="taxonomic_classifier">Top/News/Business</classifier>
        <classifier class="online_producer" type="general_descriptor">Company Reports</classifier>
        <classifier class="online_producer" type="general_descriptor">Corporations</classifier>
      </identified-content>
    </docdata>
    <pubdata date.publication="19890202T000000" ex-ref="http://query.nytimes.com/gst/fullpage.html?res=9E05EED71F3BF931A35751C0A96F948260" item-length="76" name="The New York Times" unit-of-measure="word"/>
  </head>
  <body>
    <body.head>
      <hedline>
        <hl1>Figgie International Inc reports earnings for Qtr to Dec 31</hl1>
      </hedline>
    </body.head>
    <body.content>
      <block class="lead_paragraph">
        <p>LEAD:</p>
        <p>*3*** COMPANY REPORTS **</p>
        <p>*3* Figgie International Inc (OTC)</p>
        <p>Qtr to Dec 31</p>
        <p>1988</p>
        <p>1987</p>
        <p>Revenue</p>
        <p>342,635,000</p>
        <p>300,850,000</p>
        <p>Net inc</p>
        <p>21,404,000</p>
        <p>17,955,000</p>
        <p>Share earns</p>
        <p>3.00</p>
        <p>2.60</p>
        <p>Yr rev</p>
        <p>1,200,162,000</p>
        <p>1,053,061,000</p>
        <p>Net inc</p>
        <p>61,875,000</p>
        <p>49,340,000</p>
        <p>Share earns</p>
        <p>9.03</p>
        <p>7.02</p>
      </block>
      <block class="full_text">
        <p>LEAD:</p>
        <p>*3*** COMPANY REPORTS **</p>
        <p>*3* Figgie International Inc (OTC)</p>
        <p>Qtr to Dec 31</p>
        <p>1988</p>
        <p>1987</p>
        <p>Revenue</p>
        <p>342,635,000</p>
        <p>300,850,000</p>
        <p>Net inc</p>
        <p>21,404,000</p>
        <p>17,955,000</p>
        <p>Share earns</p>
        <p>3.00</p>
        <p>2.60</p>
        <p>Yr rev</p>
        <p>1,200,162,000</p>
        <p>1,053,061,000</p>
        <p>Net inc</p>
        <p>61,875,000</p>
        <p>49,340,000</p>
        <p>Share earns</p>
        <p>9.03</p>
        <p>7.02</p>
        <p>*3*** COMPANY REPORTS **</p>
        <p>*3* Figgie International Inc (OTC)</p>
        <p>Qtr to Dec 31</p>
        <p>1988</p>
        <p>1987</p>
        <p>Revenue</p>
        <p>342,635,000</p>
        <p>300,850,000</p>
        <p>Net inc</p>
        <p>21,404,000</p>
        <p>17,955,000</p>
        <p>Share earns</p>
        <p>3.00</p>
        <p>2.60</p>
        <p>Yr rev</p>
        <p>1,200,162,000</p>
        <p>1,053,061,000</p>
        <p>Net inc</p>
        <p>61,875,000</p>
        <p>49,340,000</p>
        <p>Share earns</p>
        <p>9.03</p>
        <p>7.02</p>
        <p>The latest period results reflect an accounting change to include finance and insurance subsidiaries on a consolidated basis.</p>
      </block>
    </body.content>
  </body>
</nitf>
