<?xml version="1.0" encoding="UTF-8"?>
<!DOCTYPE nitf SYSTEM "http://www.nitf.org/IPTC/NITF/3.3/specification/dtd/nitf-3-3.dtd">
<nitf change.date="June 10, 2005" change.time="19:30" version="-//IPTC//DTD NITF 3.3//EN">
  <head>
    <title>Meritor Financial Group reports earnings for Qtr to March 31</title>
    <meta content="29" name="publication_day_of_month"/>
    <meta content="4" name="publication_month"/>
    <meta content="1989" name="publication_year"/>
    <meta content="Saturday" name="publication_day_of_week"/>
    <meta content="Financial Desk" name="dsk"/>
    <meta content="43" name="print_page_number"/>
    <meta content="1" name="print_section"/>
    <meta content="1" name="print_column"/>
    <meta content="Business" name="online_sections"/>
    <docdata>
      <doc-id id-string="245277"/>
      <doc.copyright holder="The New York Times" year="1989"/>
      <identified-content>
        <classifier class="indexing_service" type="descriptor">COMPANY REPORTS</classifier>
        <classifier class="online_producer" type="types_of_material">Statistics</classifier>
        <classifier class="online_producer" type="taxonomic_classifier">Top/News/Business</classifier>
        <classifier class="online_producer" type="general_descriptor">Company Reports</classifier>
        <classifier class="online_producer" type="general_descriptor">Corporations</classifier>
      </identified-content>
    </docdata>
    <pubdata date.publication="19890429T000000" ex-ref="http://query.nytimes.com/gst/fullpage.html?res=9805EED71130F93AA15757C0A96F948260" item-length="66" name="The New York Times" unit-of-measure="word"/>
  </head>
  <body>
    <body.head>
      <hedline>
        <hl1>Meritor Financial Group reports earnings for Qtr to March 31</hl1>
      </hedline>
    </body.head>
    <body.content>
      <block class="lead_paragraph">
        <p>LEAD:</p>
        <p>*3*** COMPANY REPORTS **</p>
        <p>*3* Meritor Financial Group</p>
        <p>Qtr to March 31</p>
        <p>1989</p>
        <p>1988</p>
        <p>Net inc</p>
        <p>b12,188,000</p>
        <p>c459,000</p>
        <p>Share earns</p>
        <p>.35</p>
        <p>-</p>
        <p>b-After a tax credit of $1,671,000.</p>
        <p>c-Net loss and after a tax credit of $3,173,000.</p>
        <p>The latest quarter's net also included a pretax gain of $18.7 million from the sale of Meritor's credit card portfolio.</p>
      </block>
      <block class="full_text">
        <p>LEAD:</p>
        <p>*3*** COMPANY REPORTS **</p>
        <p>*3* Meritor Financial Group</p>
        <p>Qtr to March 31</p>
        <p>1989</p>
        <p>1988</p>
        <p>Net inc</p>
        <p>b12,188,000</p>
        <p>c459,000</p>
        <p>Share earns</p>
        <p>.35</p>
        <p>-</p>
        <p>b-After a tax credit of $1,671,000.</p>
        <p>c-Net loss and after a tax credit of $3,173,000.</p>
        <p>The latest quarter's net also included a pretax gain of $18.7 million from the sale of Meritor's credit card portfolio.</p>
        <p>*3*** COMPANY REPORTS **</p>
        <p>*3* Meritor Financial Group</p>
        <p>Qtr to March 31</p>
        <p>1989</p>
        <p>1988</p>
        <p>Net inc</p>
        <p>b12,188,000</p>
        <p>c459,000</p>
        <p>Share earns</p>
        <p>.35</p>
        <p>-</p>
        <p>b-After a tax credit of $1,671,000.</p>
        <p>c-Net loss and after a tax credit of $3,173,000.</p>
        <p>The latest quarter's net also included a pretax gain of $18.7 million from the sale of Meritor's credit card portfolio.</p>
      </block>
    </body.content>
  </body>
</nitf>
