<?xml version="1.0" encoding="UTF-8"?>
<!DOCTYPE nitf SYSTEM "http://www.nitf.org/IPTC/NITF/3.3/specification/dtd/nitf-3-3.dtd">
<nitf change.date="June 10, 2005" change.time="19:30" version="-//IPTC//DTD NITF 3.3//EN">
  <head>
    <title>C-Cor Electronics reports earnings for Qtr to March 31</title>
    <meta content="6" name="publication_day_of_month"/>
    <meta content="5" name="publication_month"/>
    <meta content="1989" name="publication_year"/>
    <meta content="Saturday" name="publication_day_of_week"/>
    <meta content="Financial Desk" name="dsk"/>
    <meta content="43" name="print_page_number"/>
    <meta content="1" name="print_section"/>
    <meta content="1" name="print_column"/>
    <meta content="Business" name="online_sections"/>
    <docdata>
      <doc-id id-string="247350"/>
      <doc.copyright holder="The New York Times" year="1989"/>
      <identified-content>
        <classifier class="indexing_service" type="descriptor">COMPANY REPORTS</classifier>
        <classifier class="online_producer" type="types_of_material">Statistics</classifier>
        <classifier class="online_producer" type="taxonomic_classifier">Top/News/Business</classifier>
        <classifier class="online_producer" type="general_descriptor">Company Reports</classifier>
        <classifier class="online_producer" type="general_descriptor">Corporations</classifier>
      </identified-content>
    </docdata>
    <pubdata date.publication="19890506T000000" ex-ref="http://query.nytimes.com/gst/fullpage.html?res=9905EED71F38F935A35756C0A96F948260" item-length="68" name="The New York Times" unit-of-measure="word"/>
  </head>
  <body>
    <body.head>
      <hedline>
        <hl1>C-Cor Electronics reports earnings for Qtr to March 31</hl1>
      </hedline>
    </body.head>
    <body.content>
      <block class="lead_paragraph">
        <p>LEAD:</p>
        <p>*3*** COMPANY REPORTS **</p>
        <p>*3* C-Cor Electronics (OTC)</p>
        <p>Qtr to March 31</p>
        <p>1989</p>
        <p>1988</p>
        <p>Sales</p>
        <p>14,337,000</p>
        <p>9,467,000</p>
        <p>Net inc</p>
        <p>1,155,000</p>
        <p>b14,000</p>
        <p>Share earns</p>
        <p>.27</p>
        <p>-</p>
        <p>9mo sales</p>
        <p>39,371,000</p>
        <p>25,146,000</p>
        <p>Net inc</p>
        <p>3,575,000</p>
        <p>b720,000</p>
        <p>Share earns</p>
        <p>.84</p>
        <p>.18</p>
      </block>
      <block class="full_text">
        <p>LEAD:</p>
        <p>*3*** COMPANY REPORTS **</p>
        <p>*3* C-Cor Electronics (OTC)</p>
        <p>Qtr to March 31</p>
        <p>1989</p>
        <p>1988</p>
        <p>Sales</p>
        <p>14,337,000</p>
        <p>9,467,000</p>
        <p>Net inc</p>
        <p>1,155,000</p>
        <p>b14,000</p>
        <p>Share earns</p>
        <p>.27</p>
        <p>-</p>
        <p>9mo sales</p>
        <p>39,371,000</p>
        <p>25,146,000</p>
        <p>Net inc</p>
        <p>3,575,000</p>
        <p>b720,000</p>
        <p>Share earns</p>
        <p>.84</p>
        <p>.18</p>
        <p>*3*** COMPANY REPORTS **</p>
        <p>*3* C-Cor Electronics (OTC)</p>
        <p>Qtr to March 31</p>
        <p>1989</p>
        <p>1988</p>
        <p>Sales</p>
        <p>14,337,000</p>
        <p>9,467,000</p>
        <p>Net inc</p>
        <p>1,155,000</p>
        <p>b14,000</p>
        <p>Share earns</p>
        <p>.27</p>
        <p>-</p>
        <p>9mo sales</p>
        <p>39,371,000</p>
        <p>25,146,000</p>
        <p>Net inc</p>
        <p>3,575,000</p>
        <p>b720,000</p>
        <p>Share earns</p>
        <p>.84</p>
        <p>.18</p>
        <p>b-After losses from discontinued operations of $543,000 for the quarter and $849,000 for the 9 months.</p>
      </block>
    </body.content>
  </body>
</nitf>
