<?xml version="1.0" encoding="UTF-8"?>
<!DOCTYPE nitf SYSTEM "http://www.nitf.org/IPTC/NITF/3.3/specification/dtd/nitf-3-3.dtd">
<nitf change.date="June 10, 2005" change.time="19:30" version="-//IPTC//DTD NITF 3.3//EN">
  <head>
    <title>Credo Petroleum Corp.  reports earnings for Year to Oct 31</title>
    <meta content="30" name="publication_day_of_month"/>
    <meta content="1" name="publication_month"/>
    <meta content="1990" name="publication_year"/>
    <meta content="Tuesday" name="publication_day_of_week"/>
    <meta content="Financial Desk" name="dsk"/>
    <meta content="13" name="print_page_number"/>
    <meta content="D" name="print_section"/>
    <meta content="1" name="print_column"/>
    <meta content="Business" name="online_sections"/>
    <docdata>
      <doc-id id-string="321709"/>
      <doc.copyright holder="The New York Times" year="1990"/>
      <identified-content>
        <classifier class="indexing_service" type="descriptor">COMPANY REPORTS</classifier>
        <classifier class="online_producer" type="types_of_material">Statistics</classifier>
        <classifier class="online_producer" type="taxonomic_classifier">Top/News/Business</classifier>
        <classifier class="online_producer" type="general_descriptor">Company Reports</classifier>
        <classifier class="online_producer" type="general_descriptor">Corporations</classifier>
      </identified-content>
    </docdata>
    <pubdata date.publication="19900130T000000" ex-ref="http://query.nytimes.com/gst/fullpage.html?res=9D05E7D6113EF933A05752C0A966958260" item-length="49" name="The New York Times" unit-of-measure="word"/>
  </head>
  <body>
    <body.head>
      <hedline>
        <hl1>Credo Petroleum Corp.  reports earnings for Year to Oct 31</hl1>
      </hedline>
    </body.head>
    <body.content>
      <block class="lead_paragraph">
        <p>LEAD:</p>
        <p>*3*** COMPANY REPORTS **</p>
        <p>*3* Credo Petroleum Corp.</p>
        <p>Year to Oct 31</p>
        <p>1989</p>
        <p>1988</p>
        <p>Revenue</p>
        <p>1,701,000</p>
        <p>1,196,000</p>
        <p>Net inc</p>
        <p>475,000</p>
        <p>204,000</p>
        <p>Share earns</p>
        <p>.14</p>
        <p>.06</p>
        <p>Fiscal 1988 results have been restated for the adoption of accounting rule FASB 96.</p>
      </block>
      <block class="full_text">
        <p>LEAD:</p>
        <p>*3*** COMPANY REPORTS **</p>
        <p>*3* Credo Petroleum Corp.</p>
        <p>Year to Oct 31</p>
        <p>1989</p>
        <p>1988</p>
        <p>Revenue</p>
        <p>1,701,000</p>
        <p>1,196,000</p>
        <p>Net inc</p>
        <p>475,000</p>
        <p>204,000</p>
        <p>Share earns</p>
        <p>.14</p>
        <p>.06</p>
        <p>Fiscal 1988 results have been restated for the adoption of accounting rule FASB 96.</p>
        <p>*3*** COMPANY REPORTS **</p>
        <p>*3* Credo Petroleum Corp.</p>
        <p>Year to Oct 31</p>
        <p>1989</p>
        <p>1988</p>
        <p>Revenue</p>
        <p>1,701,000</p>
        <p>1,196,000</p>
        <p>Net inc</p>
        <p>475,000</p>
        <p>204,000</p>
        <p>Share earns</p>
        <p>.14</p>
        <p>.06</p>
        <p>Fiscal 1988 results have been restated for the adoption of accounting rule FASB 96.</p>
      </block>
    </body.content>
  </body>
</nitf>
