<?xml version="1.0" encoding="UTF-8"?>
<!DOCTYPE nitf SYSTEM "http://www.nitf.org/IPTC/NITF/3.3/specification/dtd/nitf-3-3.dtd">
<nitf change.date="June 10, 2005" change.time="19:30" version="-//IPTC//DTD NITF 3.3//EN">
  <head>
    <title>Noriega Kin Leave Panama</title>
    <meta content="4" name="publication_day_of_month"/>
    <meta content="3" name="publication_month"/>
    <meta content="1990" name="publication_year"/>
    <meta content="Sunday" name="publication_day_of_week"/>
    <meta content="Foreign Desk" name="dsk"/>
    <meta content="12" name="print_page_number"/>
    <meta content="1" name="print_section"/>
    <meta content="6" name="print_column"/>
    <meta content="World" name="online_sections"/>
    <docdata>
      <doc-id id-string="331894"/>
      <doc.copyright holder="The New York Times" year="1990"/>
      <identified-content>
        <classifier class="indexing_service" type="descriptor">ASYLUM, POLITICAL</classifier>
        <location class="indexing_service">PANAMA</location>
        <location class="indexing_service">CUBA</location>
        <location class="indexing_service">DOMINICAN REPUBLIC</location>
        <person class="indexing_service">NORIEGA, MANUEL ANTONIO (GEN)</person>
        <classifier class="online_producer" type="taxonomic_classifier">Top/News</classifier>
        <classifier class="online_producer" type="taxonomic_classifier">Top/News/World/Countries and Territories/Panama</classifier>
        <classifier class="online_producer" type="taxonomic_classifier">Top/News/World</classifier>
        <classifier class="online_producer" type="taxonomic_classifier">Top/News/World/Americas</classifier>
        <classifier class="online_producer" type="taxonomic_classifier">Top/News/World/Countries and Territories/Cuba</classifier>
        <classifier class="online_producer" type="taxonomic_classifier">Top/News/World/Countries and Territories/Dominican Republic</classifier>
        <classifier class="online_producer" type="taxonomic_classifier">Top/Features/Travel/Guides/Destinations/Central and South America</classifier>
        <classifier class="online_producer" type="taxonomic_classifier">Top/Features/Travel/Guides/Destinations/Central and South America/Panama</classifier>
        <classifier class="online_producer" type="taxonomic_classifier">Top/Features/Travel/Guides/Destinations/Caribbean and Bermuda</classifier>
        <classifier class="online_producer" type="taxonomic_classifier">Top/Features/Travel/Guides/Destinations/Caribbean and Bermuda/Cuba</classifier>
        <classifier class="online_producer" type="taxonomic_classifier">Top/Features/Travel/Guides/Destinations/Caribbean and Bermuda/Dominican Republic</classifier>
        <classifier class="online_producer" type="general_descriptor">Asylum (Political)</classifier>
        <classifier class="online_producer" type="general_descriptor">Politics and Government</classifier>
      </identified-content>
    </docdata>
    <pubdata date.publication="19900304T000000" ex-ref="http://query.nytimes.com/gst/fullpage.html?res=9C0CE5DD1131F937A35750C0A966958260" item-length="67" name="The New York Times" unit-of-measure="word"/>
  </head>
  <body>
    <body.head>
      <hedline>
        <hl1>Noriega Kin Leave Panama</hl1>
      </hedline>
      <byline class="print_byline">AP</byline>
      <dateline>MEXICO CITY, March 3</dateline>
    </body.head>
    <body.content>
      <block class="lead_paragraph">
        <p>LEAD: The family of the deposed Panamanian military leader, Gen. Manuel Antonio Noriega, arrived today in Havana after being granted safe passage by the Panamanian Government, a Mexican news agency reported. The agency said General Noriega's wife, three daughters and grandson would travel to the Dominican Republic, where they have been granted asylum and where the general's son-in-law is a citizen.</p>
      </block>
      <block class="full_text">
        <p>LEAD: The family of the deposed Panamanian military leader, Gen. Manuel Antonio Noriega, arrived today in Havana after being granted safe passage by the Panamanian Government, a Mexican news agency reported. The agency said General Noriega's wife, three daughters and grandson would travel to the Dominican Republic, where they have been granted asylum and where the general's son-in-law is a citizen.</p>
        <p>The family of the deposed Panamanian military leader, Gen. Manuel Antonio Noriega, arrived today in Havana after being granted safe passage by the Panamanian Government, a Mexican news agency reported. The agency said General Noriega's wife, three daughters and grandson would travel to the Dominican Republic, where they have been granted asylum and where the general's son-in-law is a citizen.</p>
      </block>
    </body.content>
  </body>
</nitf>
