<?xml version="1.0" encoding="UTF-8"?>
<!DOCTYPE nitf SYSTEM "http://www.nitf.org/IPTC/NITF/3.3/specification/dtd/nitf-3-3.dtd">
<nitf change.date="June 10, 2005" change.time="19:30" version="-//IPTC//DTD NITF 3.3//EN">
  <head>
    <title>Corrections</title>
    <meta content="13" name="publication_day_of_month"/>
    <meta content="9" name="publication_month"/>
    <meta content="1990" name="publication_year"/>
    <meta content="Thursday" name="publication_day_of_week"/>
    <meta content="Metropolitan Desk" name="dsk"/>
    <meta content="3" name="print_page_number"/>
    <meta content="A" name="print_section"/>
    <meta content="2" name="print_column"/>
    <meta content="Corrections; New York and Region" name="online_sections"/>
    <docdata>
      <doc-id id-string="383723"/>
      <doc.copyright holder="The New York Times" year="1990"/>
      <identified-content>
        <classifier class="indexing_service" type="descriptor">TRACK AND FIELD</classifier>
        <person class="indexing_service">JOHNSON, BEN</person>
        <classifier class="online_producer" type="types_of_material">Correction</classifier>
        <classifier class="online_producer" type="taxonomic_classifier">Top/News/New York and Region</classifier>
        <classifier class="online_producer" type="taxonomic_classifier">Top/News/Corrections</classifier>
        <classifier class="online_producer" type="general_descriptor">Track and Field</classifier>
      </identified-content>
    </docdata>
    <pubdata date.publication="19900913T000000" ex-ref="http://query.nytimes.com/gst/fullpage.html?res=9C0CE5DC1131F930A2575AC0A966958260" item-length="54" name="The New York Times" unit-of-measure="word"/>
  </head>
  <body>
    <body.head>
      <hedline>
        <hl1>Corrections</hl1>
      </hedline>
    </body.head>
    <body.content>
      <block class="lead_paragraph">
        <p>LEAD: Because of an editing error, an article in Sports Pages on Tuesday about Ben Johnson's return to track and field competition gave an incorrect time for the 100-meter world record set by the Canadian sprinter at the 1988 Seoul Olympics. The time, later disallowed because Johnson failed a drug test, was 9.79 seconds.</p>
      </block>
      <block class="full_text">
        <p>LEAD: Because of an editing error, an article in Sports Pages on Tuesday about Ben Johnson's return to track and field competition gave an incorrect time for the 100-meter world record set by the Canadian sprinter at the 1988 Seoul Olympics. The time, later disallowed because Johnson failed a drug test, was 9.79 seconds.</p>
      </block>
    </body.content>
  </body>
</nitf>
