<?xml version="1.0" encoding="UTF-8"?>
<!DOCTYPE nitf SYSTEM "http://www.nitf.org/IPTC/NITF/3.3/specification/dtd/nitf-3-3.dtd">
<nitf change.date="June 10, 2005" change.time="19:30" version="-//IPTC//DTD NITF 3.3//EN">
  <head>
    <title>Latin American Works In N.Y.U. Book Fair</title>
    <meta content="12" name="publication_day_of_month"/>
    <meta content="10" name="publication_month"/>
    <meta content="1990" name="publication_year"/>
    <meta content="Friday" name="publication_day_of_week"/>
    <meta content="Weekend Desk" name="dsk"/>
    <meta content="18" name="print_page_number"/>
    <meta content="C" name="print_section"/>
    <meta content="6" name="print_column"/>
    <meta content="Arts; Books" name="online_sections"/>
    <docdata>
      <doc-id id-string="390661"/>
      <doc.copyright holder="The New York Times" year="1990"/>
      <identified-content>
        <classifier class="indexing_service" type="descriptor">BOOKS AND LITERATURE</classifier>
        <classifier class="indexing_service" type="descriptor">BOOK FAIRS</classifier>
        <location class="indexing_service">LATIN AMERICA</location>
        <org class="indexing_service">NEW YORK UNIVERSITY</org>
        <classifier class="online_producer" type="taxonomic_classifier">Top/Features/Arts</classifier>
        <classifier class="online_producer" type="taxonomic_classifier">Top/Features/Books</classifier>
        <classifier class="online_producer" type="taxonomic_classifier">Top/Classifieds/Job Market/Job Categories/Media, Entertainment and Publishing</classifier>
        <classifier class="online_producer" type="taxonomic_classifier">Top/Features/Travel/Guides/Destinations/Central and South America</classifier>
        <classifier class="online_producer" type="general_descriptor">Book Fairs</classifier>
        <classifier class="online_producer" type="general_descriptor">Book Fairs</classifier>
        <classifier class="online_producer" type="general_descriptor">Book Trade</classifier>
        <classifier class="online_producer" type="general_descriptor">Trade Shows and Fairs</classifier>
        <classifier class="online_producer" type="general_descriptor">Books and Literature</classifier>
      </identified-content>
    </docdata>
    <pubdata date.publication="19901012T000000" ex-ref="http://query.nytimes.com/gst/fullpage.html?res=9C0CE2D61430F931A25753C1A966958260" item-length="112" name="The New York Times" unit-of-measure="word"/>
  </head>
  <body>
    <body.head>
      <hedline>
        <hl1>Latin American Works In N.Y.U. Book Fair</hl1>
      </hedline>
    </body.head>
    <body.content>
      <block class="lead_paragraph">
        <p>LEAD: The fourth annual Latin American Book Fair will be held today through Sunday at New York University. Books, magazines and other materials from more than 200 publishers and distributors throughout Latin America, Spain and the United States will be on display. Since this year's fair focuses on Mexican publishing, more than 75</p>
      </block>
      <block class="full_text">
        <p>LEAD: The fourth annual Latin American Book Fair will be held today through Sunday at New York University. Books, magazines and other materials from more than 200 publishers and distributors throughout Latin America, Spain and the United States will be on display. Since this year's fair focuses on Mexican publishing, more than 75</p>
        <p>The fourth annual Latin American Book Fair will be held today through Sunday at New York University. Books, magazines and other materials from more than 200 publishers and distributors throughout Latin America, Spain and the United States will be on display. Since this year's fair focuses on Mexican publishing, more than 75 Mexican publishing houses are represented.</p>
        <p>The book exhibition, which will include Latin American writing in translation from United States publishers, will be held at the Loeb Student Center, 566 La Guardia Place. It will be open to the public today from noon to 8 P.M., tomorrow from 11 A.M. to 8 P.M. and Sunday from 11 A.M. to 7 P.M.</p>
      </block>
    </body.content>
  </body>
</nitf>
