<?xml version="1.0" encoding="UTF-8"?>
<!DOCTYPE nitf SYSTEM "http://www.nitf.org/IPTC/NITF/3.3/specification/dtd/nitf-3-3.dtd">
<nitf change.date="June 10, 2005" change.time="19:30" version="-//IPTC//DTD NITF 3.3//EN">
  <head>
    <title>INSIDE</title>
    <meta content="14" name="publication_day_of_month"/>
    <meta content="8" name="publication_month"/>
    <meta content="1991" name="publication_year"/>
    <meta content="Wednesday" name="publication_day_of_week"/>
    <meta content="Metropolitan Desk" name="dsk"/>
    <meta content="1" name="print_page_number"/>
    <meta content="A" name="print_section"/>
    <meta content="1" name="print_column"/>
    <meta content="Front Page; New York and Region" name="online_sections"/>
    <docdata>
      <doc-id id-string="467022"/>
      <doc.copyright holder="The New York Times" year="1991"/>
      <identified-content>
        <classifier class="indexing_service" type="descriptor">NO INDEX TERMS</classifier>
        <classifier class="online_producer" type="types_of_material">Summary</classifier>
        <classifier class="online_producer" type="taxonomic_classifier">Top/News/New York and Region</classifier>
        <classifier class="online_producer" type="taxonomic_classifier">Top/News/Front Page</classifier>
      </identified-content>
    </docdata>
    <pubdata date.publication="19910814T000000" ex-ref="http://query.nytimes.com/gst/fullpage.html?res=9D0CE7D81430F937A2575BC0A967958260" item-length="49" name="The New York Times" unit-of-measure="word"/>
  </head>
  <body>
    <body.head>
      <hedline>
        <hl1>INSIDE</hl1>
      </hedline>
    </body.head>
    <body.content>
      <block class="lead_paragraph">
        <p>Sitting This One Out</p>
        <p>The politically powerful teachers' union will not endorse candidates in the City Council primaries. Page B1. Iran-Contra Defense Fund</p>
      </block>
      <block class="full_text">
        <p>Sitting This One Out</p>
        <p>The politically powerful teachers' union will not endorse candidates in the City Council primaries. Page B1. Iran-Contra Defense Fund</p>
        <p>Former C.I.A. executives are raising money for colleagues under scrutiny in the Iran-contra affair. Page A10.</p>
      </block>
    </body.content>
  </body>
</nitf>
