<?xml version="1.0" encoding="UTF-8"?>
<!DOCTYPE nitf SYSTEM "http://www.nitf.org/IPTC/NITF/3.3/specification/dtd/nitf-3-3.dtd">
<nitf change.date="June 10, 2005" change.time="19:30" version="-//IPTC//DTD NITF 3.3//EN">
  <head>
    <title>Circuit Systems Inc. reports earnings for Qtr to Jan 31</title>
    <meta content="21" name="publication_day_of_month"/>
    <meta content="3" name="publication_month"/>
    <meta content="1992" name="publication_year"/>
    <meta content="Saturday" name="publication_day_of_week"/>
    <meta content="Financial Desk" name="dsk"/>
    <meta content="39" name="print_page_number"/>
    <meta content="1" name="print_section"/>
    <meta content="1" name="print_column"/>
    <meta content="Business" name="online_sections"/>
    <docdata>
      <doc-id id-string="515678"/>
      <doc.copyright holder="The New York Times" year="1992"/>
      <identified-content>
        <classifier class="indexing_service" type="descriptor">COMPANY EARNINGS</classifier>
        <classifier class="online_producer" type="types_of_material">Statistics</classifier>
        <classifier class="online_producer" type="taxonomic_classifier">Top/News/Business</classifier>
      </identified-content>
    </docdata>
    <pubdata date.publication="19920321T000000" ex-ref="http://query.nytimes.com/gst/fullpage.html?res=9F05E5D6163DF932A15750C0A964958260" item-length="46" name="The New York Times" unit-of-measure="word"/>
  </head>
  <body>
    <body.head>
      <hedline>
        <hl1>Circuit Systems Inc. reports earnings for Qtr to Jan 31</hl1>
      </hedline>
    </body.head>
    <body.content>
      <block class="full_text">
        <p>*3*** COMPANY REPORTS **</p>
        <p>*3*Circuit Systems Inc. (OTC)</p>
        <p>Qtr to Jan 31</p>
        <p>1992</p>
        <p>1991</p>
        <p>Sales</p>
        <p>13,505,000</p>
        <p>8,541,000</p>
        <p>Net inc</p>
        <p>621,000</p>
        <p>120,000</p>
        <p>Share earns</p>
        <p>.12</p>
        <p>.02</p>
        <p>9mo sales</p>
        <p>34,890,000</p>
        <p>26,418,000</p>
        <p>Net inc</p>
        <p>1,153,000</p>
        <p>518,000</p>
        <p>Share earns</p>
        <p>.22</p>
        <p>.10</p>
      </block>
    </body.content>
  </body>
</nitf>
