<?xml version="1.0" encoding="UTF-8"?>
<!DOCTYPE nitf SYSTEM "http://www.nitf.org/IPTC/NITF/3.3/specification/dtd/nitf-3-3.dtd">
<nitf change.date="June 10, 2005" change.time="19:30" version="-//IPTC//DTD NITF 3.3//EN">
  <head>
    <title>Corrections</title>
    <meta content="17" name="publication_day_of_month"/>
    <meta content="6" name="publication_month"/>
    <meta content="1992" name="publication_year"/>
    <meta content="Wednesday" name="publication_day_of_week"/>
    <meta content="Metropolitan Desk" name="dsk"/>
    <meta content="3" name="print_page_number"/>
    <meta content="A" name="print_section"/>
    <meta content="2" name="print_column"/>
    <meta content="Corrections; New York and Region" name="online_sections"/>
    <docdata>
      <doc-id id-string="536665"/>
      <doc.copyright holder="The New York Times" year="1992"/>
      <identified-content>
        <classifier class="indexing_service" type="descriptor">BASEBALL</classifier>
        <classifier class="indexing_service" type="descriptor">CORRECTION STORIES</classifier>
        <classifier class="indexing_service" type="descriptor">BIOGRAPHICAL INFORMATION</classifier>
        <classifier class="indexing_service" type="descriptor">DEATHS</classifier>
        <person class="indexing_service">LOPAT, EDDIE</person>
        <classifier class="online_producer" type="types_of_material">Correction</classifier>
        <classifier class="online_producer" type="taxonomic_classifier">Top/News/New York and Region</classifier>
        <classifier class="online_producer" type="taxonomic_classifier">Top/News/Corrections</classifier>
        <classifier class="online_producer" type="general_descriptor">Baseball</classifier>
      </identified-content>
    </docdata>
    <pubdata date.publication="19920617T000000" ex-ref="http://query.nytimes.com/gst/fullpage.html?res=9E0CE6D8113FF934A25755C0A964958260" item-length="29" name="The New York Times" unit-of-measure="word"/>
  </head>
  <body>
    <body.head>
      <hedline>
        <hl1>Corrections</hl1>
      </hedline>
    </body.head>
    <body.content>
      <block class="lead_paragraph">
        <p>An obituary yesterday about the former major league pitcher Eddie Lopat gave an incorrect figure in some editions for his total victories. He won 166 games in his career.</p>
      </block>
      <block class="full_text">
        <p>An obituary yesterday about the former major league pitcher Eddie Lopat gave an incorrect figure in some editions for his total victories. He won 166 games in his career.</p>
      </block>
    </body.content>
  </body>
</nitf>
