<?xml version="1.0" encoding="UTF-8"?>
<!DOCTYPE nitf SYSTEM "http://www.nitf.org/IPTC/NITF/3.3/specification/dtd/nitf-3-3.dtd">
<nitf change.date="June 10, 2005" change.time="19:30" version="-//IPTC//DTD NITF 3.3//EN">
  <head>
    <title>Only the Hearty Brave the Cloudy Beaches</title>
    <meta content="7" name="publication_day_of_month"/>
    <meta content="9" name="publication_month"/>
    <meta content="1992" name="publication_year"/>
    <meta content="Monday" name="publication_day_of_week"/>
    <meta content="Metropolitan Desk" name="dsk"/>
    <meta content="25" name="print_page_number"/>
    <meta content="1" name="print_section"/>
    <meta content="5" name="print_column"/>
    <docdata>
      <doc-id id-string="554960"/>
      <doc.copyright holder="The New York Times" year="1992"/>
      <identified-content>
        <classifier class="indexing_service" type="descriptor">BEACHES</classifier>
        <classifier class="indexing_service" type="descriptor">WEATHER</classifier>
        <location class="indexing_service">NEW YORK CITY METROPOLITAN AREA</location>
        <location class="indexing_service">ROBERT MOSES STATE PARK</location>
        <classifier class="online_producer" type="types_of_material">Caption</classifier>
        <classifier class="online_producer" type="taxonomic_classifier">Top/Features/Travel/Guides/Activities and Interests/Beaches</classifier>
        <classifier class="online_producer" type="taxonomic_classifier">Top/Features/Travel/Guides/Destinations/North America/United States/New York/New York City</classifier>
        <classifier class="online_producer" type="general_descriptor">Beaches</classifier>
        <classifier class="online_producer" type="general_descriptor">Weather</classifier>
      </identified-content>
    </docdata>
    <pubdata date.publication="19920907T000000" ex-ref="http://query.nytimes.com/gst/fullpage.html?res=9E0CE7D61F3BF934A3575AC0A964958260" item-length="0" name="The New York Times" unit-of-measure="word"/>
  </head>
  <body>
    <body.head>
      <hedline>
        <hl1>Only the Hearty Brave the Cloudy Beaches</hl1>
      </hedline>
    </body.head>
    <body.content/>
  </body>
</nitf>
