<?xml version="1.0" encoding="UTF-8"?>
<!DOCTYPE nitf SYSTEM "http://www.nitf.org/IPTC/NITF/3.3/specification/dtd/nitf-3-3.dtd">
<nitf change.date="June 10, 2005" change.time="19:30" version="-//IPTC//DTD NITF 3.3//EN">
  <head>
    <title>We Need to Know What's Happening in Bosnia; It's Only Women</title>
    <meta content="4" name="publication_day_of_month"/>
    <meta content="1" name="publication_month"/>
    <meta content="1993" name="publication_year"/>
    <meta content="Monday" name="publication_day_of_week"/>
    <meta content="Editorial Desk" name="dsk"/>
    <meta content="14" name="print_page_number"/>
    <meta content="A" name="print_section"/>
    <meta content="4" name="print_column"/>
    <meta content="Opinion" name="online_sections"/>
    <docdata>
      <doc-id id-string="580832"/>
      <doc.copyright holder="The New York Times" year="1993"/>
      <identified-content>
        <classifier class="indexing_service" type="descriptor">CIVIL WAR AND GUERRILLA WARFARE</classifier>
        <classifier class="indexing_service" type="descriptor">SEX CRIMES</classifier>
        <classifier class="indexing_service" type="descriptor">FOREIGN AID</classifier>
        <classifier class="indexing_service" type="descriptor">FOOD</classifier>
        <classifier class="indexing_service" type="descriptor">FOREIGN AID</classifier>
        <classifier class="indexing_service" type="descriptor">POLITICS AND GOVERNMENT</classifier>
        <location class="indexing_service">YUGOSLAVIA</location>
        <location class="indexing_service">BOSNIA-HERZEGOVINA (YUGOSLAVIA)</location>
        <location class="indexing_service">CROATIA</location>
        <location class="indexing_service">SERBIA (YUGOSLAVIA)</location>
        <location class="indexing_service">SOMALIA</location>
        <classifier class="online_producer" type="types_of_material">Letter</classifier>
        <classifier class="online_producer" type="taxonomic_classifier">Top/Opinion/Opinion/Letters</classifier>
        <classifier class="online_producer" type="taxonomic_classifier">Top/Opinion</classifier>
        <classifier class="online_producer" type="taxonomic_classifier">Top/Opinion/Opinion</classifier>
        <classifier class="online_producer" type="taxonomic_classifier">Top/Features/Travel/Guides/Activities and Interests/Food and Wine</classifier>
        <classifier class="online_producer" type="taxonomic_classifier">Top/Features/Travel/Guides/Destinations/Europe</classifier>
        <classifier class="online_producer" type="taxonomic_classifier">Top/Features/Travel/Guides/Destinations/Europe/Serbia</classifier>
        <classifier class="online_producer" type="taxonomic_classifier">Top/Features/Travel/Guides/Destinations/Europe/Croatia</classifier>
        <classifier class="online_producer" type="taxonomic_classifier">Top/Features/Travel/Guides/Destinations/Europe/Bosnia and Herzegovina</classifier>
        <classifier class="online_producer" type="taxonomic_classifier">Top/Features/Travel/Guides/Destinations/Africa</classifier>
        <classifier class="online_producer" type="taxonomic_classifier">Top/Features/Travel/Guides/Destinations/Africa/Somalia</classifier>
        <classifier class="online_producer" type="general_descriptor">Civil War and Guerrilla Warfare</classifier>
        <classifier class="online_producer" type="general_descriptor">Sex Crimes</classifier>
        <classifier class="online_producer" type="general_descriptor">Foreign Aid</classifier>
        <classifier class="online_producer" type="general_descriptor">War and Revolution</classifier>
        <classifier class="online_producer" type="general_descriptor">Crime and Criminals</classifier>
        <classifier class="online_producer" type="general_descriptor">Food</classifier>
        <classifier class="online_producer" type="general_descriptor">Politics and Government</classifier>
      </identified-content>
    </docdata>
    <pubdata date.publication="19930104T000000" ex-ref="http://query.nytimes.com/gst/fullpage.html?res=9F0CE0D81F30F937A35752C0A965958260" item-length="246" name="The New York Times" unit-of-measure="word"/>
  </head>
  <body>
    <body.head>
      <hedline>
        <hl1>We Need to Know What's Happening in Bosnia; It's Only Women</hl1>
      </hedline>
    </body.head>
    <body.content>
      <block class="lead_paragraph">
        <p>To the Editor:</p>
        <p>Struck by the contradiction between the need for humanitarian aid to Somalia and the lack of it for Bosnia and Herzegovina, I read with horror "Rape After Rape After Rape" (Op-Ed, Dec. 13), about the brutal rape of Muslim and Croatian women, estimated at 50,000, by Serbian militia soldiers.</p>
      </block>
      <block class="full_text">
        <p>To the Editor:</p>
        <p>Struck by the contradiction between the need for humanitarian aid to Somalia and the lack of it for Bosnia and Herzegovina, I read with horror "Rape After Rape After Rape" (Op-Ed, Dec. 13), about the brutal rape of Muslim and Croatian women, estimated at 50,000, by Serbian militia soldiers.</p>
        <p>Let us examine the differences. We (Western European-Americans) have a history of helping blacks (colonization, slavery and institutional discrimination). The news media have assisted this issue with publication of endless pictures of pathetic, dying children. We have huge stockpiles of desert gear for our military.</p>
        <p>But in Bosnia, the Bush Administration and Western leaders argue it is too hard to stop the genocide. We have refused to arm the Muslims, but have done nothing to defend them; we have banned Serbian flights over Bosnia, but there has been no enforcement. Moreover, I suspect Western distrust and unfamiliarity with Muslims also make them an unsympathetic group. Yet stories of atrocities persist, causing more than one analyst to draw parallels with Hitler's policies of genocide against Jews.</p>
        <p>This genocide is being perpetrated against Muslim and Croatian women through these brutal rapes and impregnating them, sentencing them and the subsequent children to be outcasts from whatever is left of their society. But it's only rape; they'll get over it. It's only women. It's only women. ALICE ABEL KEMP  New Orleans, Dec. 14, 1992</p>
      </block>
    </body.content>
  </body>
</nitf>
