<?xml version="1.0" encoding="UTF-8"?>
<!DOCTYPE nitf SYSTEM "http://www.nitf.org/IPTC/NITF/3.3/specification/dtd/nitf-3-3.dtd">
<nitf change.date="June 10, 2005" change.time="19:30" version="-//IPTC//DTD NITF 3.3//EN">
  <head>
    <title>THE CAMPUS CRIME WAVE</title>
    <meta content="25" name="publication_day_of_month"/>
    <meta content="4" name="publication_month"/>
    <meta content="1993" name="publication_year"/>
    <meta content="Sunday" name="publication_day_of_week"/>
    <meta content="Magazine Desk" name="dsk"/>
    <meta content="12" name="print_page_number"/>
    <meta content="6" name="print_section"/>
    <meta content="5" name="print_column"/>
    <meta content="Magazine; Opinion" name="online_sections"/>
    <docdata>
      <doc-id id-string="604818"/>
      <doc.copyright holder="The New York Times" year="1993"/>
      <identified-content>
        <person class="indexing_service">APPEL, JACOB</person>
        <classifier class="online_producer" type="types_of_material">Letter</classifier>
        <classifier class="online_producer" type="taxonomic_classifier">Top/Features/Magazine</classifier>
        <classifier class="online_producer" type="taxonomic_classifier">Top/Opinion</classifier>
        <classifier class="online_producer" type="taxonomic_classifier">Top/Opinion/Opinion</classifier>
      </identified-content>
    </docdata>
    <pubdata date.publication="19930425T000000" ex-ref="http://query.nytimes.com/gst/fullpage.html?res=9F0CE6DA1230F936A15757C0A965958260" item-length="114" name="The New York Times" unit-of-measure="word"/>
  </head>
  <body>
    <body.head>
      <hedline>
        <hl1>THE CAMPUS CRIME WAVE</hl1>
      </hedline>
    </body.head>
    <body.content>
      <block class="lead_paragraph">
        <p>In the March 28 Letters column, Jacob Appel, Brown University class of '96, comments on Anne Matthews's "The Campus Crime Wave" by stating that the "baby-boom generation has crippled our economy with a 13-digit debt, depleted our natural resources, permitted our infrastructure to decay, eliminated all standards of common decency and created a war machine capable of liquidating millions of people in a matter of seconds."</p>
      </block>
      <block class="full_text">
        <p>In the March 28 Letters column, Jacob Appel, Brown University class of '96, comments on Anne Matthews's "The Campus Crime Wave" by stating that the "baby-boom generation has crippled our economy with a 13-digit debt, depleted our natural resources, permitted our infrastructure to decay, eliminated all standards of common decency and created a war machine capable of liquidating millions of people in a matter of seconds."</p>
        <p>Hey, Jacob: I won't be 40 until August -- I'm just starting to roll! Amazing what we boomers have been able to accomplish even though, until recently, we were too young to hold significant public office. BRIAN D. FENWICK</p>
        <p>New York, N.Y.</p>
      </block>
    </body.content>
  </body>
</nitf>
