<?xml version="1.0" encoding="UTF-8"?>
<!DOCTYPE nitf SYSTEM "http://www.nitf.org/IPTC/NITF/3.3/specification/dtd/nitf-3-3.dtd">
<nitf change.date="June 10, 2005" change.time="19:30" version="-//IPTC//DTD NITF 3.3//EN">
  <head>
    <title>Events: Tours and Fairs, Quilts and Azaleas</title>
    <meta content="13" name="publication_day_of_month"/>
    <meta content="5" name="publication_month"/>
    <meta content="1993" name="publication_year"/>
    <meta content="Thursday" name="publication_day_of_week"/>
    <meta content="Home Desk" name="dsk"/>
    <meta content="11" name="print_page_number"/>
    <meta content="C" name="print_section"/>
    <meta content="3" name="print_column"/>
    <meta content="Home and Garden; Style" name="online_sections"/>
    <docdata>
      <doc-id id-string="608634"/>
      <doc.copyright holder="The New York Times" year="1993"/>
      <identified-content>
        <classifier class="indexing_service" type="descriptor">NO INDEX TERMS</classifier>
        <classifier class="online_producer" type="types_of_material">Schedule</classifier>
        <classifier class="online_producer" type="taxonomic_classifier">Top/Features/Home and Garden</classifier>
        <classifier class="online_producer" type="taxonomic_classifier">Top/Features/Style</classifier>
      </identified-content>
    </docdata>
    <pubdata date.publication="19930513T000000" ex-ref="http://query.nytimes.com/gst/fullpage.html?res=9F0CE5DC143EF930A25756C0A965958260" item-length="421" name="The New York Times" unit-of-measure="word"/>
  </head>
  <body>
    <body.head>
      <hedline>
        <hl1>Events: Tours and Fairs, Quilts and Azaleas</hl1>
      </hedline>
    </body.head>
    <body.content>
      <block class="lead_paragraph">
        <p>Wright Community  Municipal Art Society, the Urban Center, 457 Madison Avenue (51st Street); (212) 397-3809.</p>
        <p>A series of tours continues on Saturday from 1 to 6 P.M. with a bus trip to Usonia, a Westchester community designed by Frank Lloyd Wright in the 1950's. A $60 fee includes a $10 donation to the Frank Lloyd Wright Building Conservancy; for members, $50. Reservations are required.</p>
        <p>Other tours, from $15 to $30, include Vanderbilt's New York (May 22) and restoration of public art (June 5). A brochure is available by calling. Quilt Talks  Pier 92, 12th Avenue at 52d Street; (212) 765-0141 or (212) 977-7298.</p>
        <p>The Great American Quilt Festival continues through Sunday. Open today and tomorrow, 10 A.M. to 8 P.M.; Saturday, 10 A.M. to 7 P.M.; Sunday, 10 A.M. to 6 P.M. Admission is $10.  Lectures, $12, include morning star quilts (today, 2:45 P.M.) and imagery in art quilts (Saturday, 2:45 P.M.). Workshops and seminars are $25 to $60. Information and reservations are available by phone. Azaleas in Bloom  Brooklyn Botanic Garden, 1000 Washington Avenue, off Eastern Parkway, Prospect Heights; (718) 622-4433.</p>
        <p>On Sunday at 1 P.M., there will be a guided tour of the azalea collections. Dr. Philip Waldman, a garden author, will give a talk on azalea hybrids at 2:30 P.M. No charge. Student Show  Fashion Institute of Technology, Shirley Goodman Resource Center, Seventh Avenue at 27th Street; (212) 760-7665.</p>
        <p>Designs for restaurant interiors, fabrics, jewelry, toys and clothing will be on display from Tuesday through May 28. Open Tuesday through Friday, noon to 8 P.M.; Saturday, 10 A.M. to 5 P.M. No charge. Sephardic Fair  The Spanish and Portuguese Synagogue, Central Park West and 70th Street; (212) 873-0300.</p>
        <p>The fair, on Sunday from 10 A.M. to 5 P.M., will feature sales of Judaica and crafts, entertainment and cultural programs. Admission is $3; for children under 13 and those 62 and older, $1. Furniture Plus  Jacob K. Javits Convention Center, 11th Avenue at 34th Street; (800) 272-7469.</p>
        <p>Public day at the International Contemporary Furniture Fair is Wednesday, from 10 A.M. to 5 P.M. Admission, to benefit the Design Industries Foundation for AIDS, is $20. Hudson Valley Town  Metro North Railroad Station, Route 9D near County Road 28, New Hamburg, N.Y.; (914) 297-5681.</p>
        <p>Walking tours of New Hamburg, a river community built in the late 1800's, will be offered Saturday at 1, 2 and 3 P.M. Admission is $10; for children under 12, no charge.</p>
      </block>
      <block class="full_text">
        <p>Wright Community  Municipal Art Society, the Urban Center, 457 Madison Avenue (51st Street); (212) 397-3809.</p>
        <p>A series of tours continues on Saturday from 1 to 6 P.M. with a bus trip to Usonia, a Westchester community designed by Frank Lloyd Wright in the 1950's. A $60 fee includes a $10 donation to the Frank Lloyd Wright Building Conservancy; for members, $50. Reservations are required.</p>
        <p>Other tours, from $15 to $30, include Vanderbilt's New York (May 22) and restoration of public art (June 5). A brochure is available by calling. Quilt Talks  Pier 92, 12th Avenue at 52d Street; (212) 765-0141 or (212) 977-7298.</p>
        <p>The Great American Quilt Festival continues through Sunday. Open today and tomorrow, 10 A.M. to 8 P.M.; Saturday, 10 A.M. to 7 P.M.; Sunday, 10 A.M. to 6 P.M. Admission is $10.  Lectures, $12, include morning star quilts (today, 2:45 P.M.) and imagery in art quilts (Saturday, 2:45 P.M.). Workshops and seminars are $25 to $60. Information and reservations are available by phone. Azaleas in Bloom  Brooklyn Botanic Garden, 1000 Washington Avenue, off Eastern Parkway, Prospect Heights; (718) 622-4433.</p>
        <p>On Sunday at 1 P.M., there will be a guided tour of the azalea collections. Dr. Philip Waldman, a garden author, will give a talk on azalea hybrids at 2:30 P.M. No charge. Student Show  Fashion Institute of Technology, Shirley Goodman Resource Center, Seventh Avenue at 27th Street; (212) 760-7665.</p>
        <p>Designs for restaurant interiors, fabrics, jewelry, toys and clothing will be on display from Tuesday through May 28. Open Tuesday through Friday, noon to 8 P.M.; Saturday, 10 A.M. to 5 P.M. No charge. Sephardic Fair  The Spanish and Portuguese Synagogue, Central Park West and 70th Street; (212) 873-0300.</p>
        <p>The fair, on Sunday from 10 A.M. to 5 P.M., will feature sales of Judaica and crafts, entertainment and cultural programs. Admission is $3; for children under 13 and those 62 and older, $1. Furniture Plus  Jacob K. Javits Convention Center, 11th Avenue at 34th Street; (800) 272-7469.</p>
        <p>Public day at the International Contemporary Furniture Fair is Wednesday, from 10 A.M. to 5 P.M. Admission, to benefit the Design Industries Foundation for AIDS, is $20. Hudson Valley Town  Metro North Railroad Station, Route 9D near County Road 28, New Hamburg, N.Y.; (914) 297-5681.</p>
        <p>Walking tours of New Hamburg, a river community built in the late 1800's, will be offered Saturday at 1, 2 and 3 P.M. Admission is $10; for children under 12, no charge.</p>
      </block>
    </body.content>
  </body>
</nitf>
