<?xml version="1.0" encoding="UTF-8"?>
<!DOCTYPE nitf SYSTEM "http://www.nitf.org/IPTC/NITF/3.3/specification/dtd/nitf-3-3.dtd">
<nitf change.date="June 10, 2005" change.time="19:30" version="-//IPTC//DTD NITF 3.3//EN">
  <head>
    <title>Miss Stephens, Dr. Ellsworth</title>
    <meta content="4" name="publication_day_of_month"/>
    <meta content="7" name="publication_month"/>
    <meta content="1993" name="publication_year"/>
    <meta content="Sunday" name="publication_day_of_week"/>
    <meta content="Society Desk" name="dsk"/>
    <meta content="9" name="print_page_number"/>
    <meta content="9" name="print_section"/>
    <meta content="6" name="print_column"/>
    <meta content="Style" name="online_sections"/>
    <docdata>
      <doc-id id-string="619430"/>
      <doc.copyright holder="The New York Times" year="1993"/>
      <series series.name="WEDDINGS"/>
      <identified-content>
        <classifier class="indexing_service" type="descriptor">WEDDINGS AND ENGAGEMENTS</classifier>
        <person class="indexing_service">STEPHENS, ELIZABETH WADE (ELIZABETH WADE ELLSWORTH)</person>
        <person class="indexing_service">ELLSWORTH, SCOTT A.</person>
        <classifier class="online_producer" type="taxonomic_classifier">Top/Features/Style</classifier>
        <classifier class="online_producer" type="taxonomic_classifier">Top/Features/Style/Fashion and Style</classifier>
        <classifier class="online_producer" type="taxonomic_classifier">Top/Features/Style/Fashion and Style/Weddings and Celebrations</classifier>
        <classifier class="online_producer" type="general_descriptor">Weddings and Engagements</classifier>
      </identified-content>
    </docdata>
    <pubdata date.publication="19930704T000000" ex-ref="http://query.nytimes.com/gst/fullpage.html?res=9F0CE0D8133CF937A35754C0A965958260" item-length="130" name="The New York Times" unit-of-measure="word"/>
  </head>
  <body>
    <body.head>
      <hedline>
        <hl1>Miss Stephens, Dr. Ellsworth</hl1>
      </hedline>
    </body.head>
    <body.content>
      <block class="lead_paragraph">
        <p>Elizabeth Wade Stephens, who will start graduate studies in history at Duke University in September, was married yesterday to Dr. Scott A. Ellsworth, a historian at the National Museum of American History at the Smithsonian Institution in Washington. The Rev. Dr. Bryant M. Kirkland performed the ceremony at the National Presbyterian Church in Washington.</p>
        <p>Mrs. Ellsworth, a graduate of Mount Holyoke College, is a daughter of Mrs. Wade C. Stephens of Lawrenceville, N.J., and the late Dr. Stephens. Her father was the director of studies at the Lawrenceville School.</p>
      </block>
      <block class="full_text">
        <p>Elizabeth Wade Stephens, who will start graduate studies in history at Duke University in September, was married yesterday to Dr. Scott A. Ellsworth, a historian at the National Museum of American History at the Smithsonian Institution in Washington. The Rev. Dr. Bryant M. Kirkland performed the ceremony at the National Presbyterian Church in Washington.</p>
        <p>Mrs. Ellsworth, a graduate of Mount Holyoke College, is a daughter of Mrs. Wade C. Stephens of Lawrenceville, N.J., and the late Dr. Stephens. Her father was the director of studies at the Lawrenceville School.</p>
        <p>Dr. Ellsworth graduated from Reed College and received a doctorate in history from Duke. He is a son of Dr. and Mrs. Elmer W. Ellsworth of San Francisco. His father, who is retired, was a geologist.</p>
        <p>WEDDINGS</p>
      </block>
    </body.content>
  </body>
</nitf>
