<?xml version="1.0" encoding="UTF-8"?>
<!DOCTYPE nitf SYSTEM "http://www.nitf.org/IPTC/NITF/3.3/specification/dtd/nitf-3-3.dtd">
<nitf change.date="June 10, 2005" change.time="19:30" version="-//IPTC//DTD NITF 3.3//EN">
  <head>
    <title>Cistron Biotech reports earnings for Year to June 30</title>
    <meta content="18" name="publication_day_of_month"/>
    <meta content="10" name="publication_month"/>
    <meta content="1993" name="publication_year"/>
    <meta content="Monday" name="publication_day_of_week"/>
    <meta content="Financial Desk" name="dsk"/>
    <meta content="3" name="print_page_number"/>
    <meta content="D" name="print_section"/>
    <meta content="1" name="print_column"/>
    <meta content="Business" name="online_sections"/>
    <docdata>
      <doc-id id-string="642613"/>
      <doc.copyright holder="The New York Times" year="1993"/>
      <identified-content>
        <classifier class="indexing_service" type="descriptor">COMPANY EARNINGS</classifier>
        <classifier class="online_producer" type="types_of_material">Statistics</classifier>
        <classifier class="online_producer" type="taxonomic_classifier">Top/News/Business</classifier>
      </identified-content>
    </docdata>
    <pubdata date.publication="19931018T000000" ex-ref="http://query.nytimes.com/gst/fullpage.html?res=9C04E4D61F3AF93BA25753C1A965958260" item-length="32" name="The New York Times" unit-of-measure="word"/>
  </head>
  <body>
    <body.head>
      <hedline>
        <hl1>Cistron Biotech reports earnings for Year to June 30</hl1>
      </hedline>
    </body.head>
    <body.content>
      <block class="full_text">
        <p>*3*** COMPANY REPORTS **</p>
        <p>*3*Cistron Biotech</p>
        <p>Year to June 30</p>
        <p>1993</p>
        <p>1992</p>
        <p>Sales</p>
        <p>916,047</p>
        <p>1,025,397</p>
        <p>Net inc</p>
        <p>36,833</p>
        <p>30,695</p>
        <p>Shares outst</p>
        <p>27,611,390</p>
        <p>27,194,240</p>
      </block>
    </body.content>
  </body>
</nitf>
