<?xml version="1.0" encoding="UTF-8"?>
<!DOCTYPE nitf SYSTEM "http://www.nitf.org/IPTC/NITF/3.3/specification/dtd/nitf-3-3.dtd">
<nitf change.date="June 10, 2005" change.time="19:30" version="-//IPTC//DTD NITF 3.3//EN">
  <head>
    <title>Canadian Tire reports earnings for Qtr to Apr 2</title>
    <meta content="6" name="publication_day_of_month"/>
    <meta content="5" name="publication_month"/>
    <meta content="1994" name="publication_year"/>
    <meta content="Friday" name="publication_day_of_week"/>
    <meta content="Financial Desk" name="dsk"/>
    <meta content="16" name="print_page_number"/>
    <meta content="D" name="print_section"/>
    <meta content="5" name="print_column"/>
    <meta content="Business" name="online_sections"/>
    <docdata>
      <doc-id id-string="685349"/>
      <doc.copyright holder="The New York Times" year="1994"/>
      <identified-content>
        <classifier class="indexing_service" type="descriptor">COMPANY EARNINGS</classifier>
        <classifier class="online_producer" type="types_of_material">Statistics</classifier>
        <classifier class="online_producer" type="taxonomic_classifier">Top/News/Business</classifier>
      </identified-content>
    </docdata>
    <pubdata date.publication="19940506T000000" ex-ref="http://query.nytimes.com/gst/fullpage.html?res=980CE1DF1639F935A35756C0A962958260" item-length="44" name="The New York Times" unit-of-measure="word"/>
  </head>
  <body>
    <body.head>
      <hedline>
        <hl1>Canadian Tire reports earnings for Qtr to Apr 2</hl1>
      </hedline>
    </body.head>
    <body.content>
      <block class="full_text">
        <p>*3*** COMPANY REPORTS **</p>
        <p>*3*Canadian Tire</p>
        <p>Qtr to Apr 2</p>
        <p>1994</p>
        <p>1993</p>
        <p>Revenue</p>
        <p>787,132,000</p>
        <p>775,632,000</p>
        <p>Net inc</p>
        <p>18,219,000</p>
        <p>16,536,000</p>
        <p>Share earns</p>
        <p>.20</p>
        <p>.18</p>
        <p>Shares outst</p>
        <p>89,287,090</p>
        <p>90,423,475</p>
        <p>Results are in Canadian dollars.</p>
      </block>
    </body.content>
  </body>
</nitf>
