<?xml version="1.0" encoding="UTF-8"?>
<!DOCTYPE nitf SYSTEM "http://www.nitf.org/IPTC/NITF/3.3/specification/dtd/nitf-3-3.dtd">
<nitf change.date="June 10, 2005" change.time="19:30" version="-//IPTC//DTD NITF 3.3//EN">
  <head>
    <title>Trident NGL Holdings (NGL,N) reports earnings for Qtr to Mar 31</title>
    <meta content="7" name="publication_day_of_month"/>
    <meta content="5" name="publication_month"/>
    <meta content="1994" name="publication_year"/>
    <meta content="Saturday" name="publication_day_of_week"/>
    <meta content="Financial Desk" name="dsk"/>
    <meta content="38" name="print_page_number"/>
    <meta content="1" name="print_section"/>
    <meta content="1" name="print_column"/>
    <meta content="Business" name="online_sections"/>
    <docdata>
      <doc-id id-string="685593"/>
      <doc.copyright holder="The New York Times" year="1994"/>
      <identified-content>
        <classifier class="indexing_service" type="descriptor">COMPANY EARNINGS</classifier>
        <classifier class="online_producer" type="types_of_material">Statistics</classifier>
        <classifier class="online_producer" type="taxonomic_classifier">Top/News/Business</classifier>
      </identified-content>
    </docdata>
    <pubdata date.publication="19940507T000000" ex-ref="http://query.nytimes.com/gst/fullpage.html?res=980CE0DC1639F934A35756C0A962958260" item-length="46" name="The New York Times" unit-of-measure="word"/>
  </head>
  <body>
    <body.head>
      <hedline>
        <hl1>Trident NGL Holdings (NGL,N) reports earnings for Qtr to Mar 31</hl1>
      </hedline>
    </body.head>
    <body.content>
      <block class="full_text">
        <p>*3*** COMPANY REPORTS **</p>
        <p>*3*Trident NGL Holdings (NGL,N)</p>
        <p>Qtr to Mar 31</p>
        <p>1994</p>
        <p>1993</p>
        <p>Revenue</p>
        <p>129,600,000</p>
        <p>149,900,000</p>
        <p>Net loss</p>
        <p>2,300,000</p>
        <p>b8,400,000</p>
        <p>Share earns</p>
        <p>(.08)</p>
        <p>.26</p>
        <p>Shares outst</p>
        <p>28,116,000</p>
        <p>31,664,000</p>
        <p>b-Net income (Loss)</p>
      </block>
    </body.content>
  </body>
</nitf>
