<?xml version="1.0" encoding="UTF-8"?>
<!DOCTYPE nitf SYSTEM "http://www.nitf.org/IPTC/NITF/3.3/specification/dtd/nitf-3-3.dtd">
<nitf change.date="June 10, 2005" change.time="19:30" version="-//IPTC//DTD NITF 3.3//EN">
  <head>
    <title>Corrections</title>
    <meta content="3" name="publication_day_of_month"/>
    <meta content="6" name="publication_month"/>
    <meta content="1994" name="publication_year"/>
    <meta content="Friday" name="publication_day_of_week"/>
    <meta content="Metropolitan Desk" name="dsk"/>
    <meta content="2" name="print_page_number"/>
    <meta content="A" name="print_section"/>
    <meta content="5" name="print_column"/>
    <meta content="Corrections; New York and Region" name="online_sections"/>
    <docdata>
      <doc-id id-string="691271"/>
      <doc.copyright holder="The New York Times" year="1994"/>
      <identified-content>
        <classifier class="indexing_service" type="descriptor">GOVERNMENT EMPLOYEES</classifier>
        <classifier class="indexing_service" type="descriptor">SUITS AND CLAIMS AGAINST GOVERNMENT</classifier>
        <classifier class="indexing_service" type="descriptor">CORRECTION STORIES</classifier>
        <location class="indexing_service">NEW YORK CITY</location>
        <person class="indexing_service">GIULIANI, RUDOLPH W (MAYOR)</person>
        <classifier class="online_producer" type="types_of_material">Correction</classifier>
        <classifier class="online_producer" type="taxonomic_classifier">Top/News/New York and Region</classifier>
        <classifier class="online_producer" type="taxonomic_classifier">Top/News/Corrections</classifier>
        <classifier class="online_producer" type="taxonomic_classifier">Top/News/Washington/Campaign 2008</classifier>
        <classifier class="online_producer" type="taxonomic_classifier">Top/News/Washington/Campaign 2008/Candidates</classifier>
        <classifier class="online_producer" type="taxonomic_classifier">Top/Features/Travel/Guides/Destinations/North America/United States/New York/New York City</classifier>
        <classifier class="online_producer" type="general_descriptor">Government Employees</classifier>
        <classifier class="online_producer" type="general_descriptor">Suits and Litigation</classifier>
        <classifier class="online_producer" type="general_descriptor">Politics and Government</classifier>
      </identified-content>
    </docdata>
    <pubdata date.publication="19940603T000000" ex-ref="http://query.nytimes.com/gst/fullpage.html?res=9A0DE2D71E3BF930A35755C0A962958260" item-length="58" name="The New York Times" unit-of-measure="word"/>
  </head>
  <body>
    <body.head>
      <hedline>
        <hl1>Corrections</hl1>
      </hedline>
    </body.head>
    <body.content>
      <block class="lead_paragraph">
        <p>Because of an editing error, an article on Wednesday about the Giuliani administration's efforts to settle pending lawsuits referred incorrectly to the status of discrimination suits filed by 28 employees of the Off-Track Betting Corporation. The administration has settled a suit brought by one employee, not all 28. The other cases are pending.</p>
      </block>
      <block class="full_text">
        <p>Because of an editing error, an article on Wednesday about the Giuliani administration's efforts to settle pending lawsuits referred incorrectly to the status of discrimination suits filed by 28 employees of the Off-Track Betting Corporation. The administration has settled a suit brought by one employee, not all 28. The other cases are pending.</p>
      </block>
    </body.content>
  </body>
</nitf>
