<?xml version="1.0" encoding="UTF-8"?>
<!DOCTYPE nitf SYSTEM "http://www.nitf.org/IPTC/NITF/3.3/specification/dtd/nitf-3-3.dtd">
<nitf change.date="June 10, 2005" change.time="19:30" version="-//IPTC//DTD NITF 3.3//EN">
  <head>
    <title>Corrections</title>
    <meta content="18" name="publication_day_of_month"/>
    <meta content="10" name="publication_month"/>
    <meta content="1994" name="publication_year"/>
    <meta content="Tuesday" name="publication_day_of_week"/>
    <meta content="Metropolitan Desk" name="dsk"/>
    <meta content="2" name="print_page_number"/>
    <meta content="A" name="print_section"/>
    <meta content="5" name="print_column"/>
    <meta content="Corrections; Washington; New York and Region" name="online_sections"/>
    <docdata>
      <doc-id id-string="718831"/>
      <doc.copyright holder="The New York Times" year="1994"/>
      <identified-content>
        <classifier class="indexing_service" type="descriptor">ELECTIONS</classifier>
        <classifier class="indexing_service" type="descriptor">CORRECTION STORIES</classifier>
        <classifier class="indexing_service" type="descriptor">ELECTION ISSUES</classifier>
        <classifier class="indexing_service" type="descriptor">UNITED STATES POLITICS AND GOVERNMENT</classifier>
        <location class="indexing_service">UNITED STATES</location>
        <person class="indexing_service">CLINTON, BILL (PRES)</person>
        <classifier class="online_producer" type="types_of_material">Correction</classifier>
        <classifier class="online_producer" type="taxonomic_classifier">Top/News/New York and Region</classifier>
        <classifier class="online_producer" type="taxonomic_classifier">Top/News/Corrections</classifier>
        <classifier class="online_producer" type="taxonomic_classifier">Top/News/Washington</classifier>
        <classifier class="online_producer" type="taxonomic_classifier">Top/News/Washington/Campaign 2004</classifier>
        <classifier class="online_producer" type="taxonomic_classifier">Top/Features/Travel/Guides/Destinations/North America</classifier>
        <classifier class="online_producer" type="taxonomic_classifier">Top/Features/Travel/Guides/Destinations/North America/United States</classifier>
        <classifier class="online_producer" type="general_descriptor">Election Issues</classifier>
        <classifier class="online_producer" type="general_descriptor">Elections</classifier>
        <classifier class="online_producer" type="general_descriptor">United States Politics and Government</classifier>
        <classifier class="online_producer" type="general_descriptor">Politics and Government</classifier>
      </identified-content>
    </docdata>
    <pubdata date.publication="19941018T000000" ex-ref="http://query.nytimes.com/gst/fullpage.html?res=9C0DE3D8133CF93BA25753C1A962958260" item-length="46" name="The New York Times" unit-of-measure="word"/>
  </head>
  <body>
    <body.head>
      <hedline>
        <hl1>Corrections</hl1>
      </hedline>
    </body.head>
    <body.content>
      <block class="lead_paragraph">
        <p>An article on Thursday about President Clinton's fall political strategy referred incorrectly in some editions to his standard campaign speech. It indeed mentions the failed attempt to enact sweeping health care legislation: it says Republican lawmakers thwarted the effort.</p>
      </block>
      <block class="full_text">
        <p>An article on Thursday about President Clinton's fall political strategy referred incorrectly in some editions to his standard campaign speech. It indeed mentions the failed attempt to enact sweeping health care legislation: it says Republican lawmakers thwarted the effort.</p>
      </block>
    </body.content>
  </body>
</nitf>
