<?xml version="1.0" encoding="UTF-8"?>
<!DOCTYPE nitf SYSTEM "http://www.nitf.org/IPTC/NITF/3.3/specification/dtd/nitf-3-3.dtd">
<nitf change.date="June 10, 2005" change.time="19:30" version="-//IPTC//DTD NITF 3.3//EN">
  <head>
    <title>PHOTOGRAPHER'S JOURNAL</title>
    <meta content="23" name="publication_day_of_month"/>
    <meta content="10" name="publication_month"/>
    <meta content="1994" name="publication_year"/>
    <meta content="Sunday" name="publication_day_of_week"/>
    <meta content="The City Weekly Desk" name="dsk"/>
    <meta content="19" name="print_page_number"/>
    <meta content="13" name="print_section"/>
    <meta content="5" name="print_column"/>
    <docdata>
      <doc-id id-string="720074"/>
      <doc.copyright holder="The New York Times" year="1994"/>
      <identified-content>
        <classifier class="indexing_service" type="descriptor">PHOTOGRAPHY</classifier>
        <classifier class="online_producer" type="types_of_material">Caption</classifier>
        <classifier class="online_producer" type="taxonomic_classifier">Top/News/New York and Region/The City</classifier>
        <classifier class="online_producer" type="general_descriptor">Photography</classifier>
      </identified-content>
    </docdata>
    <pubdata date.publication="19941023T000000" ex-ref="http://query.nytimes.com/gst/fullpage.html?res=9407EFD71F3CF930A15753C1A962958260" item-length="0" name="The New York Times" unit-of-measure="word"/>
  </head>
  <body>
    <body.head>
      <hedline>
        <hl1>PHOTOGRAPHER'S JOURNAL</hl1>
      </hedline>
    </body.head>
    <body.content/>
  </body>
</nitf>
