<?xml version="1.0" encoding="UTF-8"?>
<!DOCTYPE nitf SYSTEM "http://www.nitf.org/IPTC/NITF/3.3/specification/dtd/nitf-3-3.dtd">
<nitf change.date="June 10, 2005" change.time="19:30" version="-//IPTC//DTD NITF 3.3//EN">
  <head>
    <title>Bridge Collapses in Tennessee</title>
    <meta content="17" name="publication_day_of_month"/>
    <meta content="5" name="publication_month"/>
    <meta content="1995" name="publication_year"/>
    <meta content="Wednesday" name="publication_day_of_week"/>
    <meta content="National Desk" name="dsk"/>
    <meta content="16" name="print_page_number"/>
    <meta content="A" name="print_section"/>
    <meta content="1" name="print_column"/>
    <docdata>
      <doc-id id-string="763069"/>
      <doc.copyright holder="The New York Times" year="1995"/>
      <identified-content>
        <classifier class="indexing_service" type="descriptor">BRIDGES AND TUNNELS</classifier>
        <classifier class="indexing_service" type="descriptor">ACCIDENTS AND SAFETY</classifier>
        <location class="indexing_service">TENNESSEE</location>
        <classifier class="online_producer" type="types_of_material">Caption</classifier>
        <classifier class="online_producer" type="taxonomic_classifier">Top/Features/Travel/Guides/Destinations/North America</classifier>
        <classifier class="online_producer" type="taxonomic_classifier">Top/Features/Travel/Guides/Destinations/North America/United States</classifier>
        <classifier class="online_producer" type="taxonomic_classifier">Top/Features/Travel/Guides/Destinations/North America/United States/Tennessee</classifier>
        <classifier class="online_producer" type="general_descriptor">Bridges and Tunnels</classifier>
        <classifier class="online_producer" type="general_descriptor">Accidents and Safety</classifier>
      </identified-content>
    </docdata>
    <pubdata date.publication="19950517T000000" ex-ref="http://query.nytimes.com/gst/fullpage.html?res=990CE4DF153BF934A25756C0A963958260" item-length="0" name="The New York Times" unit-of-measure="word"/>
  </head>
  <body>
    <body.head>
      <hedline>
        <hl1>Bridge Collapses in Tennessee</hl1>
      </hedline>
    </body.head>
    <body.content/>
  </body>
</nitf>
