<?xml version="1.0" encoding="UTF-8"?>
<!DOCTYPE nitf SYSTEM "http://www.nitf.org/IPTC/NITF/3.3/specification/dtd/nitf-3-3.dtd">
<nitf change.date="June 10, 2005" change.time="19:30" version="-//IPTC//DTD NITF 3.3//EN">
  <head>
    <title>Younkers Inc.(YONK,NNM) reports earnings for 2d qtr to Jul 29</title>
    <meta content="18" name="publication_day_of_month"/>
    <meta content="8" name="publication_month"/>
    <meta content="1995" name="publication_year"/>
    <meta content="Friday" name="publication_day_of_week"/>
    <meta content="Business/Financial Desk" name="dsk"/>
    <meta content="16" name="print_page_number"/>
    <meta content="D" name="print_section"/>
    <meta content="1" name="print_column"/>
    <meta content="Business" name="online_sections"/>
    <docdata>
      <doc-id id-string="783159"/>
      <doc.copyright holder="The New York Times" year="1995"/>
      <identified-content>
        <classifier class="indexing_service" type="descriptor">COMPANY EARNINGS
&lt;p&gt;</classifier>
        <classifier class="online_producer" type="types_of_material">Statistics</classifier>
        <classifier class="online_producer" type="taxonomic_classifier">Top/News/Business</classifier>
        <classifier class="online_producer" type="taxonomic_classifier">Top/News</classifier>
      </identified-content>
    </docdata>
    <pubdata date.publication="19950818T000000" ex-ref="http://query.nytimes.com/gst/fullpage.html?res=9405E2D6173AF93BA2575BC0A963958260" item-length="87" name="The New York Times" unit-of-measure="word"/>
  </head>
  <body>
    <body.head>
      <hedline>
        <hl1>Younkers Inc.(YONK,NNM) reports earnings for 2d qtr to Jul 29</hl1>
      </hedline>
    </body.head>
    <body.content>
      <block class="full_text">
        <p>*3*** COMPANY REPORTS **</p>
        <p>*3*Younkers Inc.(YONK,NNM)</p>
        <p>2d qtr to Jul 29</p>
        <p>1995</p>
        <p>1994</p>
        <p>Sales</p>
        <p>130,108,000</p>
        <p>125,297,000</p>
        <p>Net inc</p>
        <p>b1,367,000</p>
        <p>901,000</p>
        <p>Share earns</p>
        <p>.15</p>
        <p>.10</p>
        <p>Shares outst</p>
        <p>9,193,439</p>
        <p>9,158,132</p>
        <p>b-Included expense associated with hostile takeover attempt by Carson Pirie Scott. Excluding charges, company reported earnings of 24 cents a share for the latest quarter and 36 cents a share for the year-ago period.</p>
      </block>
    </body.content>
  </body>
</nitf>
