<?xml version="1.0" encoding="UTF-8"?>
<!DOCTYPE nitf SYSTEM "http://www.nitf.org/IPTC/NITF/3.3/specification/dtd/nitf-3-3.dtd">
<nitf change.date="June 10, 2005" change.time="19:30" version="-//IPTC//DTD NITF 3.3//EN">
  <head>
    <title>Corrections</title>
    <meta content="17" name="publication_day_of_month"/>
    <meta content="8" name="publication_month"/>
    <meta content="1995" name="publication_year"/>
    <meta content="Thursday" name="publication_day_of_week"/>
    <meta content="Metropolitan Desk" name="dsk"/>
    <meta content="2" name="print_page_number"/>
    <meta content="A" name="print_section"/>
    <meta content="5" name="print_column"/>
    <meta content="Corrections; Books; New York and Region" name="online_sections"/>
    <docdata>
      <doc-id id-string="783048"/>
      <doc.copyright holder="The New York Times" year="1995"/>
      <identified-content>
        <classifier class="indexing_service" type="descriptor">BOOKS AND LITERATURE</classifier>
        <classifier class="indexing_service" type="descriptor">CORRECTION STORIES</classifier>
        <classifier class="indexing_service" type="descriptor">BIOGRAPHICAL INFORMATION</classifier>
        <person class="indexing_service">D'AMATO, ALFONSE M (SEN)</person>
        <object.title class="indexing_service">POWER, PASTA AND POLITICS (BOOK)</object.title>
        <classifier class="online_producer" type="types_of_material">Correction</classifier>
        <classifier class="online_producer" type="taxonomic_classifier">Top/News/New York and Region</classifier>
        <classifier class="online_producer" type="taxonomic_classifier">Top/News/Corrections</classifier>
        <classifier class="online_producer" type="taxonomic_classifier">Top/Features/Books</classifier>
        <classifier class="online_producer" type="general_descriptor">Books and Literature</classifier>
      </identified-content>
    </docdata>
    <pubdata date.publication="19950817T000000" ex-ref="http://query.nytimes.com/gst/fullpage.html?res=990CE6DB1F3CF934A2575BC0A963958260" item-length="49" name="The New York Times" unit-of-measure="word"/>
  </head>
  <body>
    <body.head>
      <hedline>
        <hl1>Corrections</hl1>
      </hedline>
    </body.head>
    <body.content>
      <block class="lead_paragraph">
        <p>A picture caption yesterday about Senator Alfonse M. D'Amato, who was signing copies of his new book in Manhattan, misspelled the given name of Howard Stern's radio talk-show partner in some editions. The partner, who accompanied Mr. Stern to get copies of the book, is Robin Quivers.</p>
      </block>
      <block class="full_text">
        <p>A picture caption yesterday about Senator Alfonse M. D'Amato, who was signing copies of his new book in Manhattan, misspelled the given name of Howard Stern's radio talk-show partner in some editions. The partner, who accompanied Mr. Stern to get copies of the book, is Robin Quivers.</p>
      </block>
    </body.content>
  </body>
</nitf>
