<?xml version="1.0" encoding="UTF-8"?>
<!DOCTYPE nitf SYSTEM "http://www.nitf.org/IPTC/NITF/3.3/specification/dtd/nitf-3-3.dtd">
<nitf change.date="June 10, 2005" change.time="19:30" version="-//IPTC//DTD NITF 3.3//EN">
  <head>
    <title>Powergen Extends Bid</title>
    <meta content="31" name="publication_day_of_month"/>
    <meta content="10" name="publication_month"/>
    <meta content="1995" name="publication_year"/>
    <meta content="Tuesday" name="publication_day_of_week"/>
    <meta content="Business/Financial Desk" name="dsk"/>
    <meta content="7" name="print_page_number"/>
    <meta content="D" name="print_section"/>
    <meta content="3" name="print_column"/>
    <meta content="Business" name="online_sections"/>
    <docdata>
      <doc-id id-string="805701"/>
      <doc.copyright holder="The New York Times" year="1995"/>
      <series series.name="INTERNATIONAL BRIEFS"/>
      <identified-content>
        <classifier class="indexing_service" type="descriptor">MERGERS, ACQUISITIONS AND DIVESTITURES</classifier>
        <classifier class="indexing_service" type="descriptor">ELECTRIC LIGHT AND POWER</classifier>
        <location class="indexing_service">GREAT BRITAIN</location>
        <org class="indexing_service">MIDLANDS ELECTRICITY PLC</org>
        <org class="indexing_service">POWERGEN PLC</org>
        <classifier class="online_producer" type="taxonomic_classifier">Top/News/Business</classifier>
        <classifier class="online_producer" type="taxonomic_classifier">Top/News/World/Countries and Territories/United Kingdom</classifier>
        <classifier class="online_producer" type="taxonomic_classifier">Top/News/World/Countries and Territories/Great Britain</classifier>
        <classifier class="online_producer" type="taxonomic_classifier">Top/News</classifier>
        <classifier class="online_producer" type="taxonomic_classifier">Top/News/World/Europe</classifier>
        <classifier class="online_producer" type="taxonomic_classifier">Top/Features/Travel/Guides/Destinations/Europe</classifier>
        <classifier class="online_producer" type="taxonomic_classifier">Top/Features/Travel/Guides/Destinations/Europe/Britain</classifier>
        <classifier class="online_producer" type="general_descriptor">Mergers, Acquisitions and Divestitures</classifier>
        <classifier class="online_producer" type="general_descriptor">Light</classifier>
        <classifier class="online_producer" type="general_descriptor">Electric Light and Power</classifier>
        <classifier class="online_producer" type="general_descriptor">Finances</classifier>
        <classifier class="online_producer" type="general_descriptor">Energy and Power</classifier>
      </identified-content>
    </docdata>
    <pubdata date.publication="19951031T000000" ex-ref="http://query.nytimes.com/gst/fullpage.html?res=990CE0D91E39F932A05753C1A963958260" item-length="48" name="The New York Times" unit-of-measure="word"/>
  </head>
  <body>
    <body.head>
      <hedline>
        <hl1>Powergen Extends Bid</hl1>
      </hedline>
    </body.head>
    <body.content>
      <block class="lead_paragraph">
        <p>The British power generator Powergen P.L.C. said yesterday that it had extended its offer of $:1.95 billion ($3 billion) for the regional distributor Midlands Electricity P.L.C. until Nov. 10. Powergen said that as of Friday it held a 64.5 percent stake in Midlands. (Reuters)</p>
      </block>
      <block class="full_text">
        <p>The British power generator Powergen P.L.C. said yesterday that it had extended its offer of $:1.95 billion ($3 billion) for the regional distributor Midlands Electricity P.L.C. until Nov. 10. Powergen said that as of Friday it held a 64.5 percent stake in Midlands. (Reuters)  INTERNATIONAL BRIEFS</p>
      </block>
    </body.content>
  </body>
</nitf>
