<?xml version="1.0" encoding="UTF-8"?>
<!DOCTYPE nitf SYSTEM "http://www.nitf.org/IPTC/NITF/3.3/specification/dtd/nitf-3-3.dtd">
<nitf change.date="June 10, 2005" change.time="19:30" version="-//IPTC//DTD NITF 3.3//EN">
  <head>
    <title>Flood Relief for China</title>
    <meta content="LGOOD" name="slug"/>
    <meta content="18" name="publication_day_of_month"/>
    <meta content="9" name="publication_month"/>
    <meta content="1996" name="publication_year"/>
    <meta content="Wednesday" name="publication_day_of_week"/>
    <meta content="Editorial Desk" name="dsk"/>
    <meta content="20" name="print_page_number"/>
    <meta content="A" name="print_section"/>
    <meta content="6" name="print_column"/>
    <meta content="Opinion" name="online_sections"/>
    <docdata>
      <doc-id id-string="877913"/>
      <doc.copyright holder="The New York Times" year="1996"/>
      <identified-content>
        <classifier class="indexing_service" type="descriptor">Floods</classifier>
        <location class="indexing_service">China</location>
        <person class="indexing_service">Good, Andrew M (Dr)</person>
        <classifier class="online_producer" type="types_of_material">Letter</classifier>
        <classifier class="online_producer" type="taxonomic_classifier">Top/Opinion/Opinion/Letters</classifier>
        <classifier class="online_producer" type="taxonomic_classifier">Top/Opinion</classifier>
        <classifier class="online_producer" type="taxonomic_classifier">Top/Opinion/Opinion</classifier>
        <classifier class="online_producer" type="taxonomic_classifier">Top/Features/Travel/Guides/Destinations/Asia</classifier>
        <classifier class="online_producer" type="taxonomic_classifier">Top/Features/Travel/Guides/Destinations/Asia/China</classifier>
        <classifier class="online_producer" type="general_descriptor">Floods</classifier>
      </identified-content>
    </docdata>
    <pubdata date.publication="19960918T000000" ex-ref="http://query.nytimes.com/gst/fullpage.html?res=9A0CE7DF113AF93BA2575AC0A960958260" item-length="187" name="The New York Times" unit-of-measure="word"/>
  </head>
  <body>
    <body.head>
      <hedline>
        <hl1>Flood Relief for China</hl1>
      </hedline>
      <abstract>
        <p>Dr Andrew M Good letter comments on Sept 15 article on China's endless task to stem centuries of floods (S)</p>
      </abstract>
    </body.head>
    <body.content>
      <block class="lead_paragraph">
        <p>To the Editor:</p>
        <p>Regarding ''China's Endless Task to Stem Centuries of Floods'' (front page, Sept. 15), I just returned from a flood region southwest of Beijing. As a doctor, I was glad to be part of a team delivering $2.8 million in medical supplies.</p>
      </block>
      <block class="full_text">
        <p>To the Editor:</p>
        <p>Regarding ''China's Endless Task to Stem Centuries of Floods'' (front page, Sept. 15), I just returned from a flood region southwest of Beijing. As a doctor, I was glad to be part of a team delivering $2.8 million in medical supplies.</p>
        <p>The staff and volunteers of Americares are to be commended. Not only was it the first American group on the ground, but it also established  a distribution system that insured that relief supplies made it to their destination. I will not soon forget the devastation I saw, or the hope that these Americans brought with them.</p>
        <p>ANDREW  E. GOOD , M.D.  Rochester, Minn., Sept. 17, 1996</p>
      </block>
    </body.content>
  </body>
</nitf>
