<?xml version="1.0" encoding="UTF-8"?>
<!DOCTYPE nitf SYSTEM "http://www.nitf.org/IPTC/NITF/3.3/specification/dtd/nitf-3-3.dtd">
<nitf change.date="June 10, 2005" change.time="19:30" version="-//IPTC//DTD NITF 3.3//EN">
  <head>
    <title>ECONOMIC CALENDAR</title>
    <meta content="07CALE$02" name="slug"/>
    <meta content="7" name="publication_day_of_month"/>
    <meta content="10" name="publication_month"/>
    <meta content="1996" name="publication_year"/>
    <meta content="Monday" name="publication_day_of_week"/>
    <meta content="Business/Financial Desk" name="dsk"/>
    <meta content="4" name="print_page_number"/>
    <meta content="D" name="print_section"/>
    <meta content="6" name="print_column"/>
    <meta content="Business" name="online_sections"/>
    <docdata>
      <doc-id id-string="881898"/>
      <doc.copyright holder="The New York Times" year="1996"/>
      <identified-content>
        <classifier class="indexing_service" type="descriptor">NO INDEX TERMS</classifier>
        <classifier class="online_producer" type="types_of_material">Schedule</classifier>
        <classifier class="online_producer" type="taxonomic_classifier">Top/News/Business</classifier>
      </identified-content>
    </docdata>
    <pubdata date.publication="19961007T000000" ex-ref="http://query.nytimes.com/gst/fullpage.html?res=9E00E5DF1F3FF934A35753C1A960958260" item-length="40" name="The New York Times" unit-of-measure="word"/>
  </head>
  <body>
    <body.head>
      <hedline>
        <hl1>ECONOMIC CALENDAR</hl1>
      </hedline>
    </body.head>
    <body.content>
      <block class="lead_paragraph">
        <p>Expected dates for the release of major economic indicators this week.</p>
        <p>MONDAY  Consumer Borrowing Aug.</p>
        <p>TUESDAY  None</p>
        <p>WEDNESDAY  Wholesale Inventories Aug.</p>
        <p>THURSDAY  Sales of Leading Retailers Sept.  Weekly Jobless Claims</p>
        <p>FRIDAY  Producer Prices Sept.  Retail Sales Sept.</p>
      </block>
      <block class="full_text">
        <p>Expected dates for the release of major economic indicators this week.</p>
        <p>MONDAY  Consumer Borrowing Aug.</p>
        <p>TUESDAY  None</p>
        <p>WEDNESDAY  Wholesale Inventories Aug.</p>
        <p>THURSDAY  Sales of Leading Retailers Sept.  Weekly Jobless Claims</p>
        <p>FRIDAY  Producer Prices Sept.  Retail Sales Sept.</p>
      </block>
    </body.content>
  </body>
</nitf>
