<?xml version="1.0" encoding="UTF-8"?>
<!DOCTYPE nitf SYSTEM "http://www.nitf.org/IPTC/NITF/3.3/specification/dtd/nitf-3-3.dtd">
<nitf change.date="June 10, 2005" change.time="19:30" version="-//IPTC//DTD NITF 3.3//EN">
  <head>
    <title>Corrections</title>
    <meta content="COR003856" name="slug"/>
    <meta content="6" name="publication_day_of_month"/>
    <meta content="2" name="publication_month"/>
    <meta content="1997" name="publication_year"/>
    <meta content="Thursday" name="publication_day_of_week"/>
    <meta content="Metropolitan Desk" name="dsk"/>
    <meta content="2" name="print_page_number"/>
    <meta content="A" name="print_section"/>
    <meta content="6" name="print_column"/>
    <meta content="Corrections; New York and Region" name="online_sections"/>
    <docdata>
      <doc-id id-string="907056"/>
      <doc.copyright holder="The New York Times" year="1997"/>
      <identified-content>
        <classifier class="online_producer" type="types_of_material">Correction</classifier>
        <classifier class="online_producer" type="taxonomic_classifier">Top/News/New York and Region</classifier>
        <classifier class="online_producer" type="taxonomic_classifier">Top/News/Corrections</classifier>
      </identified-content>
    </docdata>
    <pubdata date.publication="19970206T000000" ex-ref="http://query.nytimes.com/gst/fullpage.html?res=9404E2D8173CF935A35751C0A961958260" item-length="61" name="The New York Times" unit-of-measure="word"/>
  </head>
  <body>
    <body.head>
      <hedline>
        <hl1>Corrections</hl1>
      </hedline>
    </body.head>
    <body.content>
      <block class="lead_paragraph">
        <p>An article on Tuesday about Norman Mailer's coming novel about Jesus referred incorrectly to the Bible translation that its style is said to echo faintly. It is the King James Version, not St. James.</p>
      </block>
      <block class="full_text">
        <p>An article on Tuesday about Norman Mailer's coming novel about Jesus referred incorrectly to the Bible translation that its style is said to echo faintly. It is the King James Version, not St. James.</p>
      </block>
    </body.content>
  </body>
</nitf>
