<?xml version="1.0" encoding="UTF-8"?>
<!DOCTYPE nitf SYSTEM "http://www.nitf.org/IPTC/NITF/3.3/specification/dtd/nitf-3-3.dtd">
<nitf change.date="June 10, 2005" change.time="19:30" version="-//IPTC//DTD NITF 3.3//EN">
  <head>
    <title>Ticking Down to a Confrontation</title>
    <meta content="16SIGN0AA" name="slug"/>
    <meta content="16" name="publication_day_of_month"/>
    <meta content="2" name="publication_month"/>
    <meta content="1997" name="publication_year"/>
    <meta content="Sunday" name="publication_day_of_week"/>
    <meta content="The City Weekly Desk" name="dsk"/>
    <meta content="8" name="print_page_number"/>
    <meta content="13" name="print_section"/>
    <meta content="3" name="print_column"/>
    <meta content="NEIGHBORHOOD REPORT: MIDTOWN" name="column_name"/>
    <docdata>
      <doc-id id-string="909367"/>
      <doc.copyright holder="The New York Times" year="1997"/>
      <series series.name="NEIGHBORHOOD REPORT: MIDTOWN"/>
      <identified-content>
        <classifier class="online_producer" type="types_of_material">Caption</classifier>
        <classifier class="online_producer" type="taxonomic_classifier">Top/News/New York and Region/The City</classifier>
      </identified-content>
    </docdata>
    <pubdata date.publication="19970216T000000" ex-ref="http://query.nytimes.com/gst/fullpage.html?res=9E03E3DF153FF935A25751C0A961958260" item-length="0" name="The New York Times" unit-of-measure="word"/>
  </head>
  <body>
    <body.head>
      <hedline>
        <hl1>Ticking Down to a Confrontation</hl1>
      </hedline>
    </body.head>
    <body.content>
      <block class="full_text">
        <p>NEIGHBORHOOD REPORT: MIDTOWN</p>
      </block>
    </body.content>
  </body>
</nitf>
