<?xml version="1.0" encoding="UTF-8"?>
<!DOCTYPE nitf SYSTEM "http://www.nitf.org/IPTC/NITF/3.3/specification/dtd/nitf-3-3.dtd">
<nitf change.date="June 10, 2005" change.time="19:30" version="-//IPTC//DTD NITF 3.3//EN">
  <head>
    <title>ON THE TOWNS</title>
    <meta content="16TOWNS" name="slug"/>
    <meta content="16" name="publication_day_of_month"/>
    <meta content="3" name="publication_month"/>
    <meta content="1997" name="publication_year"/>
    <meta content="Sunday" name="publication_day_of_week"/>
    <meta content="New Jersey Weekly Desk" name="dsk"/>
    <meta content="14" name="print_page_number"/>
    <meta content="13NJ" name="print_section"/>
    <meta content="1" name="print_column"/>
    <meta content="New York and Region" name="online_sections"/>
    <docdata>
      <doc-id id-string="915880"/>
      <doc.copyright holder="The New York Times" year="1997"/>
      <identified-content>
        <classifier class="indexing_service" type="descriptor">NO INDEX TERMS</classifier>
        <classifier class="online_producer" type="types_of_material">Schedule</classifier>
        <classifier class="online_producer" type="taxonomic_classifier">Top/News/New York and Region</classifier>
        <classifier class="online_producer" type="taxonomic_classifier">Top/News/New York and Region/New Jersey</classifier>
      </identified-content>
    </docdata>
    <pubdata date.publication="19970316T000000" ex-ref="http://query.nytimes.com/gst/fullpage.html?res=9D06E6D71139F935A25750C0A961958260" item-length="5117" name="The New York Times" unit-of-measure="word"/>
  </head>
  <body>
    <body.head>
      <hedline>
        <hl1>ON THE TOWNS</hl1>
      </hedline>
    </body.head>
    <body.content>
      <block class="lead_paragraph">
        <p>An opinionated guide to cultural and recreational goings-on around the state this week. To submit items for consideration, write to On the Towns, Sunday New Jersey Section, The New York Times, 229 West 43d Street, New York, N.Y. 10036, or send a fax to (212) 556-7219.</p>
      </block>
      <block class="full_text">
        <p>An opinionated guide to cultural and recreational goings-on around the state this week. To submit items for consideration, write to On the Towns, Sunday New Jersey Section, The New York Times, 229 West 43d Street, New York, N.Y. 10036, or send a fax to (212) 556-7219.</p>
        <p>MUSIC</p>
        <p>BROOKDALE COMMUNITY COLLEGE PERFORMING ARTS CENTER Solas, featuring Seamus Egan, Karan Casey, John Doyle, Winifred Horan and John Williams performing Irish-American music. Tuesday at 7:30 P.M. Tickets: $15. 765 Newman Springs Road, Lincroft. (908) 224-2880.</p>
        <p>COMMUNITY THEATER OF MORRISTOWN Morris Education Foundation Benefit Concert, with Alexander Slobodyanik, pianist, and Rio Clemente, jazz performer. Today at 3 P.M. Tickets: $15 and $30. Lyle Lovett and his band. Thursday at 8 P.M. Tickets: $25 and $35. Colonial Symphony, with Yehuda Gilad, conductor; Elmar Olieveira, violinist, and Sandra Robbins, violist. Friday at 8:30 P.M. Frankie Valli and the Four Seasons. Saturday at 8 P.M. Tickets: $35 to $55. Cherish the Ladies, traditional Irish music with step dancers. Next Sunday at 3 P.M. Tickets: $15 and $17.50. 100 South Street, Morristown. (201) 539-8008.</p>
        <p>COUNT BASIE THEATER Morehouse College Glee Club. Tuesday at 7:30 P.M. Tickets: $15 to $45. 99 Monmouth Street. (908) 229-9398.</p>
        <p>JOHN HARMS CENTER Neil Sedaka. Friday at 8 P.M. Tickets: $25 to $40. 30 North Van Brunt Street, Englewood. (201) 567-3600.</p>
        <p>NEW JERSEY SYMPHONY ORCHESTRA Zdenek Macal, music director, with James Ehnes, violinist. Program includes Vivaldi's ''Four Seasons'' and Haydn's Symphony No. 91. John Harms Center, 30 North Van Brunt Street, Englewood, today at 3 P.M. Tickets: $16 to $38. Young Artists Auditions, including the finalists Minyoung Chang, Jong Eun Lee and Yon Joo Lee, violinists, and Jennifer Chung, pianist. Next Sunday at 3 P.M. Tickets: Free; reservations required. State Theater, 15 Livingston Avenue, New Brunswick (800) 255-3476 or (201) 624-8203.</p>
        <p>RARITAN VALLEY COMMUNITY COLLEGE New Jersey Symphony Chamber Orchestra; David Commanday, conductor, in works by Bach, Mozart, Copland and Holst. Saturday at 8 P.M. Tickets: $25; $20, students and faculty; discounts for the elderly. Route 28 and Larnington Road, North Branch. (908) 725-3420.</p>
        <p>RICHARDSON AUDITORIUM Greater Princeton Youth Orchestra, conducted by Robert Loughran. ''An American in Paris and Beyond: A Musical Journey Through Europe,'' works of Gershwin, Brahms, Dvorak, Grieg, Mascagni and Walton. Today at 3 P.M. Tickets: $10; $7 for students. Fadlou Shehadi, baritone; Dalton Baldwin, pianist. Works by Lully, Guy Ropartz, Faure, Ravel and Poulenc. Thursday at 8 P.M. Free. Concert Royal, James Richman, artistic director, in an all-Bach program. Friday at 8 P.M.; preconcert talk at 7 P.M. Tickets: $16 and $22; $5 for students.Alexander Hall, 126 Alexander Street, Princeton. (609) 258-5000.</p>
        <p>STATE THEATER National Symphony Orchestra, Leonard Slatkin, conductor, with Shlomo Mintz, violinist. Program includes Cox's ''Cathedral Spires,'' Bernstein's ''Serenade'' and Brahms's Symphony No. 4. Saturday at 8 P.M. Tickets: $16 to $45. 15 Livingston Avenue, New Brunswick. (908) 246-7469.</p>
        <p>THEATER</p>
        <p>BERGEN COUNTY PLAYS ''Jake's Women,'' by Neil Simon. Through April 5. Fridays and Saturdays at 8:30 P.M.; Sundays at 2 P.M. Tickets: $12 on Fridays and Saturdays; $10 on Sundays. (201) 262-0515.</p>
        <p>CROSSROADS THEATER COMPANY ''Wedding Dance,'' a hip-hop comedy by Dominic A. Taylor. Through March 30. Wednesdays through Saturdays at 8 P.M.; matinees Thursdays at 11 A.M.; Saturdays and Sundays at 3 P.M. Tickets: $22 to $32. 7 Livingston Avenue, New Brunswick. (908) 249-5560.</p>
        <p>ELIZABETH PLAYHOUSE ''The Little Foxes,'' by Lillian Hellman. Through April 14. Fridays and Saturdays at 7:30 P.M.; Sundays at 2 P.M. Tickets: $6 and $8. 1100 East Jersey Street, Elizabeth. (908) 355-0077.</p>
        <p>FORUM THEATER GROUP ''Shmulnik's Waltz,'' by Allan Knee. Today at 2:30 P.M. Tickets: $25 to $29. 314 Main Street, Metuchen. (908) 548-0582.</p>
        <p>GEORGE STREET PLAYHOUSE ''Adventures of Huckleberry Finn,'' adapted by Randal Myler. Through April 13. Sundays at 2 and 7 P.M.; Tuesdays through Saturdays at 8 P.M. Tickets: $24 to $32; discounts for students and the elderly. 9 Livingston Avenue, New Brunswick. (908) 246-7717.</p>
        <p>JOHN HARMS CENTER FOR THE ARTS The New Jersey Ballet performs Agnes de Mille's ''Rodeo''and other works. Saturday at 8 P.M. Tickets: $15 to $26. ''Peter and the Wolf'' and ''Beauty and the Beast.'' Next Sunday at noon and 3 P.M. Tickets: $10. 30 North Van Brunt Street, Englewood. (201) 567-3600.</p>
        <p>LUNA STAGE ''Rosa Loses Her Face,'' a romantic comedy by Kitty Chen. Through March 29. Sundays at 2 P.M.; Thursdays through Saturdays at 8 P.M. Tickets: $10 to $20. 7 Oak Place, Montclair. (201) 744-3309.</p>
        <p>PAPER MILL PLAYHOUSE ''Jane Eyre,'' written and directed by Robert Johanson; based on the Charlotte Bronte novel. Through March 29. Wednesdays and Fridays at 8 P.M.; Thursdays and 2 and 8 P.M.; Saturdays and Sundays at 3 P.M. and 8 P.M. Tickets: $31 to $46. Brookside Drive, Millburn. (201) 376-4343.</p>
        <p>PARK PERFORMING ARTS CENTER ''The Passion Play.'' Saturdays at Sundays at 2 P.M. through April 20; no performance on March 30. 560 32d Street, Union City. (201) 865-6980.</p>
        <p>PARSIPPANY PLAYHOUSE ''La Cage aux Folles,'' the musical. Today and next Sunday at 2 P.M.; Friday and Saturday at 8 P.M. Tickets: $17; $12 for students and the elderly. 1130 Knoll Road, Lake Hiawatha. (201) 263-7020.</p>
        <p>RED OAK MUSIC THEATER ''Phantom,'' by Arthur Kopit; music and lyrics by Maury Yston. Through Saturday. Sunday at 2 P.M.; Friday and Saturday at 8 P.M. 472 Somerset Avenue, Lakewood. (908) 367-1515.</p>
        <p>RITZ THEATER ''The Miracle Worker.'' Through March 29. Fridays and Saturdays at 8 P.M.; Sundays at 2 P.M. Tickets: $15 on Fridays and Saturdays; $14 on Sundays. 915 White Horse Pike, Oaklyn. (609) 858-5230.</p>
        <p>SPRING LAKE THEATER COMPANY ''Godspell.'' Thursday through Saturday at 8 P.M. Tickets: $18; $16 for students and the elderly. Spring Lake Community House, Third and Madison Avenues, Spring Lake.</p>
        <p>(908) 449-4530.</p>
        <p>12 MILES WEST THEATER ''Brutality of Fact,'' by Keith Reddin. Today at 3 P.M.; Thursday through Saturday at 8 P.M. Tickets: $12 today and Thursday; $15 on Fridays and Saturdays; discounts for students and the elderly. 488 Bloomfield Avenue, Montclair. (201) 746-7181.</p>
        <p>VILLAGERS THEATER ''Dancing at Lughnasa,'' by Brian Friel. Through next Sunday. Today and next Sunday at 3 P.M.; Friday and Saturday at 8:30 P.M. Tickets: $15 on Fridays and Sundays; $17 on Saturdays. 475 DeMott Lane, Somerset. (908) 873-2710.</p>
        <p>GALLERIES AND MUSEUMS</p>
        <p>AMERICAN LABOR MUSEUM ''Iron Men, Steel Rail: Track Labor and the Art of Mark Priest.'' Paintings and drawings of railroad crews. Through April 27. 83 Norwood Street, Haledon. Wednesdays through Saturdays, 1 to 4 P.M. Suggested donation of $1.50. (201) 595-7953.  BERGEN MUSEUM OF ART AND SCIENCE ''Joachim Oppenheimer: A Lens of Air,'' photographs. Closes today. ''Zhiyuan Cong: An Honest Bridge,'' contemporary scroll paintings in the Chinese tradition. Through March 29. ''Time by Light,'' sundials by Robert Adzema. Though April 6. Hours: Tuesdays through Saturdays, 10 A.M. to 5 P.M.; Sundays, 1 to 5 P.M. 327 East Ridgewood Avenue, Paramus. (201) 265-1248.</p>
        <p>BROADWAY GALLERY Photographs by Ellen DeNuto. Through April 30. Mondays through Fridays, 9 A.M. to 9 P.M.; Saturdays, 9 A.M. to 5 P.M. Passaic Community College, 1 College Boulevard, Paterson. (201) 684-6555.</p>
        <p>CHAMOT GALLERY New works by Charles Chamot. Through April 2. Hours: Tuesdays through Sundays, noon to 3 P.M. 111 First Street, Jersey City. (201) 610-1468.</p>
        <p>COMMON GROUND CAFE ''Windows of Consumption,'' paintings by Sue Ellen Rohrer Leys. Through March 30. Sundays, 9 A.M. to 6 P.M.; Mondays through Thursdays, 6:30 A.M. to 6 P.M.; Fridays, 6:30 A.M. to midnight; Saturdays, 9 A.M. to midnight. 50 Maple Street at Union Place. (908) 273-2131.</p>
        <p>COOPER GALLERY ''Three Women,'' paintings by Kelly B. Darr, Eileen Kennedy-Dyne and Jennifer Li. Through March 29. Hours: Tuesdays through Saturdays, noon to 7 P.M. 295 Grove Street, Jersey City. (201) 451-1074.</p>
        <p>GALLERY OF SOUTH ORANGE ''Charleston Series: After the Middle Passage,'' assemblages by Leonard Merlo. ''Missing Person Series,'' paintings by Maria Lupo. ''Post-Industrialism,'' paintings and mixed-media works by Tim Gaydos. Through April 13. Hours: Wednesdays and Thursdays, 10 A.M. to 2 P.M. and 4 P.M. to 6 P.M.; Saturdays and Sundays, 1 P.M. to 4 P.M. Baird Center, 5 Mead Street, South Orange. (201) 378-7754.</p>
        <p>EXTENSION GALLERY Bronze sculptures and multi-media assemblages by Kate Graves. Through April 3. Hours: Mondays through Thursdays, 10 A.M. to 4 P.M. 60 Ward Avenue Extension, Mercerville.</p>
        <p>HIRAM BLAUVELT ART MUSEUM ''Beyond the Edge and Deep Within,'' paintings by John Schoenherr, a wildlife artist. Through April 13. Hours: Wednesdays through Fridays, 10 A.M. to 4 P.M.; Saturdays and Sundays, 2 P.M. to 5 P.M. Free. 705 Kindermack Road, Oradell. (201) 261-0012.</p>
        <p>HUNTERDON ART CENTER ''Leaning on the Line: Drawing as Idiosyncratic Art'' and ''Hannah Fink: Objects.'' Both through April 13. Hours: Wednesdays through Sundays, 11 A.M. to 5 P.M. 7 Lower Center Street, Clinton. (908) 735-8415.</p>
        <p>JERSEY CITY MUSEUM ''Circular Stairs: Drawings by Sheba Sharrow'' and ''Esther Podemski: Planets Series and Other Works.'' Through May 17. Hours: Tuesdays, Thursdays through Saturdays, 10:30 A.M. to 5 P.M.; Wednesdays, 10:30 A.M. to 8 P.M. 472 Jersey Avenue, Jersey City. (201) 547-4514.</p>
        <p>JERSEY CITY STATE COLLEGE Color woodcuts by Paul B. Arnold. Tuesday through April 14. Hours: Mondays through Fridays, 11 A.M. to 4 P.M. Artspace, Hepburn Hall, Room 323, 2039 Kennedy Boulevard, Jersey City. (201) 200-3441.</p>
        <p>MACCULLOCH HALL HISTORICAL MUSEUM ''Public Office Is a Public Trust: Images of the Election of 1884.'' Through April 20. ''Made in Morris,'' a look at 150 years of Morris County industry, including chairs, textiles and rare silver. Through May 4. Admission: $3; $2 for students and the elderly. Hours: Thursdays and Sundays, 1 to 4 P.M. 45 Macculloch Avenue, Morristown. (201) 538-2404.  MONMOUTH COUNTY HISTORICAL ASSOCIATION ''Politics as Usual: Campaigns and Elections, 1789 to 1996.'' Through June 3. Hours: Tuesdays through Saturdays, 10 A.M. to 4 P.M.; Sundays, 1 to 4 P.M. Admission: $2; $1.50 for the elderly. 70 Court Street, Freehold. (908) 462-1466. On the World Wide Web: www.monmouth.com/mcha/.</p>
        <p>MONTCLAIR ART MUSEUM ''The Montclair Art Colony: Past and Present,'' 80 paintings, sculptures and works on paper by historical and living Montclair artists. ''Janet Taylor Pickett: More Than One Way Home,'' paintings, installations and mixed-media works spanning the artist's career. Both through April 13. ''Reflecting America: Highlights From the Permanent Collection.'' Through July 27. Hours: Tuesdays, Wednesdays, Fridays and Saturdays, 11 A.M. to 5 P.M.; Sundays and Thursdays, 1 to 5 P.M. Admission: $4; $3 for students with ID and the elderly.</p>
        <p>3 South Mountain Avenue, Montclair.</p>
        <p>(201) 746-5555.</p>
        <p>MORRIS MUSEUM ''Focus on Rodin.'' Through April 27. ''Dinosaurs Uncovered!'' Scientifically accurate, life-sized castings of skeletons, along with skulls and fossils from the Royal Ontario Museum and an interactive dinosaur program and five television monitors with individual video tapes. Next Sunday through May 18. Sculpture Courtyard: three steel sculptures by Peter Vanni. Through June 30. Hours: Sundays, 1 to 5 P.M.; Mondays through Saturdays, 10 A.M. to 5 P.M.; Thursdays, 10 A.M. to 8 P.M. Admission: $4; $2 for the elderly. 6 Normandy Heights Road, Morristown. (201) 538-0454.</p>
        <p>MUSEUM OF THE AMERICAN HUNGARIAN FOUNDATION ''Muky, Photographer in Hollywood and New York: Photojournalist, a Retrospective Exhibition.'' Through May 6. Hours: Tuesdays through Saturdays, 11 A.M. to 4 P.M.; Sundays, 1 to 4 P.M. 300 Somerset Street, New Brunswick. (908) 846-5777.</p>
        <p>NEW JERSEY STATE MUSEUM Works by the contemporary painters William Hogan, Robert Kogge, Valeri Larko, Mark Metcalf, Stuart Shils and Paul Weingarten. Saturday through June 1. ''Amber: The Legendary Resin.'' Through June 1. ''Past/Present/Future: Interpretive Photographs of Holocaust Sites.'' Through May 4. ''The Great Russian Dinosaurs,'' 24 full skeletons from Russia and Mongolia. Through June 1. ''Major Works/ Major Gifts: Selections From the Fine Arts Collection, 1966-1996,'' including works by Milton Avery, John Marin, Georgia O'Keeffe and Gordon Parks. Through May 4. Photographs by Laurinda Stockwell. Through next Sunday. Hours: Tuesdays through Saturdays, 9 A.M. to 4:45 P.M.; Sundays, noon to 5 P.M. Museum admission by donation; special admission for ''The Great Russian Dinosaurs'': $5; $3 for children under 12 and the elderly. 205 West State Street, Trenton. (609) 292-6464.</p>
        <p>NEWARK MUSEUM ''Newark Teen Arts Festival.'' Through March 30. ''The Printed Pot: Transfer-Printed Tablewares, 1750-1990.'' Through 1997. ''African Design: Heirs to the Trans-Saharan Trade.'' ''Cooking for the Gods: The Art of Home Ritual in Bengal.'' Through July. Hours: Wednesdays through Sundays, noon to 5 P.M. 49 Washington Street, Newark. (201) 596-6550.</p>
        <p>NOYES MUSEUM ''Tramp Art and Whimsies From the Ciardelli Collection.'' Through April 13. Hours: Wednesdays through Sundays, 11 A.M. to 4 P.M. Admission: $3; $1.50 for the elderly. Lily Lake Road, Oceanville.</p>
        <p>(609) 652-8848.</p>
        <p>PETRIDES STUDIO GALLERY Winter Invitational '97. Through March 30. Hours: Tuesdays through Saturdays, 11 A.M. to 5:30 P.M., and by appointment. 5 Heritage Square, 1871 Route 70 East, Cherry Hill. (609) 489-0747.</p>
        <p>PRINCETON UNIVERSITY ART MUSEUM ''In Celebration: Works of Art From the Collections of Princeton Alumni and Friends of the Art Museum.'' Through June 8. Princeton University campus. Hours: Tuesdays through Saturdays, 10 to 5 P.M.; Sundays, 1 to 5 P.M. (609) 258-3788.</p>
        <p>PRINTMAKING COUNCIL ''Fish Tales,'' an artists' handmade book project. Through Saturday. North Branch Station, 440 River Road, Somerville. (908) 725-2110.</p>
        <p>SUMMIT BANCORP HEADQUARTERS Works by six local black artists. Through March 30. Hours: Mondays through Fridays, 8:30 A.M. to 6 P.M. Free. 301 Carnegie Center, Princeton. (609) 987-3304 or (609) 514-7872.</p>
        <p>FOR CHILDREN</p>
        <p>COUNT BASIE THEATER '' 'The Sorcerer's Apprentice' and Other Stories,'' by Landis and Company. Theater of Magic. Today at 3 P.M. Tickets: $10 for adults; $8 for children under 12 and the elderly. 99 Monmouth Street, Red Bank. (908) 842-9000</p>
        <p>J.C.C. OF METROPOLITAN NEW JERSEY Annual Purim celebration, with a zoo, street performers, carnival, prizes and kosher snacks. Today from 1:30 to 4 P.M. 760 Northfield Avenue, West Orange. (201) 736-3200, extension 283.</p>
        <p>LIBERTY SCIENCE CENTER ''Special Effects,'' Imax film views behind the scenes of ''Star Wars,'' ''Jumanji,'' ''Kazaam!'' and ''Independence Day.'' Through March 30. Daily on the hour. Omni Theater. ''Busytown,'' a ''community'' created by Richard Scarry, with a factory, grocery store, shipyard and power plant, for ages 3 to 6. Through May 4. Tuesdays through Sundays, 9:30 A.M. to 5:30 P.M. Admission: $9.50; $8.50 for students and the elderly; $5.50 under age 12. 251 Phillip Street, Jersey City. (201) 200-1000.</p>
        <p>MONMOUTH MUSEUM ''Changing Cultures: From the Lenape to the Urban Age, 1400-1900,'' exploring the history of America through changes in family life, from the Lenape through the Victorian era. Through June 1998. Tuesdays through Fridays, 2 to 4:30 P.M.; Saturdays, 10 A.M. to 4:30 P.M.; Sundays, 1 to 5 P.M. Becker Children's Wing, 761 Newman Springs Road, Lincroft.</p>
        <p>(908) 747-2266.</p>
        <p>MORRIS MUSEUM Drop-in workshop on sculpture with clay, in conjunction with the ''Focus on Rodin'' exhibition. Through April 27. Sundays, 1 to 5 P.M.; Saturdays, 10 A.M. to 5 P.M. Admission: $4; $2 for the elderly. 6 Normandy Heights Road, Morristown. (201) 538-0454.</p>
        <p>NEW JERSEY STATE MUSEUM ''The Great Russian Dinosaurs.'' Through June 1. ''The New and Improved Hubble Space Telescope.'' Through next Sunday. Laser concerts on weekends through May 11. Tickets for Friday and Saturday laser shows: $7; $5 for children 12 and younger. Tickets for Sundays: $4. Museum hours: Tuesdays through Saturdays, 9 A.M. to 4:45 P.M.; Sundays, noon to 5 P.M. Admission by donation. Special admission for dinosaur exhibition: $5; $3 for children and the elderly. 205 West State Street, Trenton. (609) 292-6464.</p>
        <p>PALACE THEATER ''The Emperor's New Clothes,'' designed by Tim Wisgerhof and presented by the Growing Stage Theater for Young Audiences. Through March 29. Fridays at 7:30 P.M.; Saturdays and Sundays at 4 P.M. Tickets: $10; $8 for children and the elderly. Route 183, Netcong. (201) 347-4946.</p>
        <p>PALISADES INTERSTATE PARK COMMISSION Easter egg hunt. Saturday at 9:30 A.M. Free. State Line Lookout, between Exits 2 and 4 on the Palisades Interstate Parkway Northbound. (201) 768-0379.</p>
        <p>Y.M.-Y.W.H.A. Purim carnival, with puppets, sand art creations, Velcro wall, car races, King Ahasuerus's jelly bean guess and snacks. 605 Pascack Road, Washington Township. Next Sunday from 1:30 to 4:30 P.M. (201) 666-6610, extension 212.</p>
        <p>SPOKEN WORD</p>
        <p>CENTENARY COLLEGE'S LITTLE THEATER ''From Page to Stage,'' a discussion presented by the New Jersey Theater Group, featuring the Tony Award-winning director Vivian Matalon, the playwright Stephen Temperley and guest panelists. Today at 4 P.M. after the matinee of ''Dance With Me,'' by Stephen Temperley. Free. 400 Jefferson Street, Hackettstown. (908) 979-0900.</p>
        <p>FORT LEE HISTORIC PARK Robert F. Kennedy Jr. will speak as part of Hooked on the Hudson. Wednesday at 9 P.M. Fort Lee Historic Park Auditorim. (201) 768-0379.</p>
        <p>ENGLEWOOD LIBRARY ''Irish Stories and Blarney,'' with Mary Alice Cesard. Monday at 8 P.M. Free. Mackay Room, 31 Engle Street, Englewood. (201) 568-2215.</p>
        <p>MONTCLAIR ART MUSEUM Creating Art: Converations With African-American Artists, with the journalist Jill Nelson. Today at 3 P.M. Free with museum admission. Richard Fazzini will lecture on the exhibition ''Mistress of the House, Mistress of Heaven: Women in Ancient Egypt.'' Friday at 7:30 P.M. Admission: $8 for members; $10 for non-members. 3 South Mountain Avenue, Montclair.</p>
        <p>(201) 746-5555.</p>
        <p>MORRISTOWN AND TOWNSHIP LIBRARY Slide program on the Morris Museum's ''Focus on Rodin'' exhibition. Today at 3 P.M. Library Meeting Room. Free. 1 Miller Road, Morristown. (201) 538-6161.</p>
        <p>PRINCETON UNIVERSITY ART MUSEUM ''Women in Art: Angelica Kauffmann and Gabrielle Munter,'' by Judith Brodsky. Today at 3 P.M. ''Balthasar van der Ast: Flowers, Insects, Paint,'' by John Burkhalter. Friday at 12:30 P.M.; next Sunday at 3 P.M. Princeton University campus. (609) 258-3788.</p>
        <p>ETC.</p>
        <p>ENGLEWOOD PUBLIC LIBRARY Black Film Festival. Wednesdays at 7:30 P.M. This week: ''Sweet Sweetback's Badasssss Song.'' March 26: ''Hollywood Shuffle.'' April 2: ''Within Our Gates'' and ''That's Black Entertainment.'' April 9: ''Glory.'' April 16: ''Sankofa.'' April 23: ''Once Upon a Time When We Were Colored.'' April 30: ''Daughters of the Dust.'' Free. 31 Engle Street, Englewood.</p>
        <p>(201) 568-2215.</p>
        <p>J.C.C. OF METROWEST 16th annual Thomas A. Edison Black Maria Film and Video Festival. Wednesday at 7 P.M. Tickets: $8; $6 for J.C.C. members. Maurice Levin Theater, 760 Northfield Avenue, West Orange. (201) 736-3200, extension 253.</p>
        <p>J.C.C. ON THE PALISADES ''Treasure Hunting in Film,'' a film discussion series. March 24: John Garfield in ''Body and Soul.'' April 14: Trevor Howard and Celia Johnson in ''Brief Encounter.'' May 5: Jean Renoir in ''Rules of the Game.'' May 19: Paul Newman in ''Cool Hand Luke.'' At 7:30 P.M. Tickets: $14 for the series; $4 for a single admission. 411 East Clinton Avenue, Tenafly.(201) 569-7900.</p>
        <p>NATIONAL GUARD ARMORY Crafts at the Morristown Armory. Friday, 5 to 9 P.M.; Saturday, 10 A.M. to 6 P.M.; next Sunday, 11 A.M. to 5 P.M. Western Avenue, Morristown. $6 a day for adults; children under 16 free. (201) 631-6277.</p>
        <p>SHANNON LOUNGE ''Projected Images'' film series. Wednesday: ''Big Jim Folsom: The Two Faces of Populism,'' by Robert Clem of Hoboken, who will discuss his film. March 25 and 26: ''Hype!'' Doors open at 7:30 P.M.; film begins at 8 P.M. Tickets: $5. 106 First Street, Hoboken.</p>
        <p>TWIN BROOKS KENNEL CLUB Dog show, with more than 130 American Kennel Club breeds to compete for A.K.C. points for championships, ribbons and trophies. Sataurday and next Sunday from 8:30 A.M. to 6 P.M. Tickets: $6; $4 for the elderly; $1 for children. New Jersey Convention Center, Raritan Center, 91 Sunfield Avenue, Edison. (201) 783-9411 or (908) 446-7872.</p>
        <p>UNION COUNTY ARTS CENTER Black Maria Film Festival. Saturday at 7 P.M. Tickets: $8. Rahway Theater, 1601 Irving Street.  (908) 499-8226.</p>
      </block>
    </body.content>
  </body>
</nitf>
