<?xml version="1.0" encoding="UTF-8"?>
<!DOCTYPE nitf SYSTEM "http://www.nitf.org/IPTC/NITF/3.3/specification/dtd/nitf-3-3.dtd">
<nitf change.date="June 10, 2005" change.time="19:30" version="-//IPTC//DTD NITF 3.3//EN">
  <head>
    <title>Paid Notice: Deaths  SHAPIRO, ALEXANDER</title>
    <meta content="DN032997" name="slug"/>
    <meta content="29" name="publication_day_of_month"/>
    <meta content="3" name="publication_month"/>
    <meta content="1997" name="publication_year"/>
    <meta content="Saturday" name="publication_day_of_week"/>
    <meta content="Classified" name="dsk"/>
    <meta content="20" name="print_page_number"/>
    <meta content="1" name="print_section"/>
    <meta content="3" name="print_column"/>
    <meta content="Paid Death Notices" name="online_sections"/>
    <docdata>
      <doc-id id-string="918987"/>
      <doc.copyright holder="The New York Times" year="1997"/>
      <identified-content>
        <person class="indexing_service">SHAPIRO, ALEXANDER</person>
        <classifier class="online_producer" type="types_of_material">Paid Death Notice</classifier>
        <classifier class="online_producer" type="taxonomic_classifier">Top/Classifieds/Paid Death Notices</classifier>
      </identified-content>
    </docdata>
    <pubdata date.publication="19970329T000000" ex-ref="http://query.nytimes.com/gst/fullpage.html?res=9C02E1DF1E3AF93AA15750C0A961958260" item-length="60" name="The New York Times" unit-of-measure="word"/>
  </head>
  <body>
    <body.head>
      <hedline>
        <hl1>Paid Notice: Deaths  SHAPIRO, ALEXANDER</hl1>
      </hedline>
    </body.head>
    <body.content>
      <block class="lead_paragraph">
        <p>SHAPIRO-Alexander, 86. Of Eugene, OR. Passed away Thursday. Previously of Belle Harbor, N.Y. and Hallandale, FL. Loving father of Bob Shapiro (Nancy). Cherished grandfather of Lynn and Marc. Great-grandfather of Jamie Belle. Funeral services will be held on Sunday, March 30, 1997, 1 P.M., in the Chapel. For information call Riverside-Gordon Memorial Chapel, 2230 Hollywood Blvd, Hollywood, FL. 33020. 954-523-5801.</p>
      </block>
      <block class="full_text">
        <p>SHAPIRO-Alexander, 86. Of Eugene, OR. Passed away Thursday. Previously of Belle Harbor, N.Y. and Hallandale, FL. Loving father of Bob Shapiro (Nancy). Cherished grandfather of Lynn and Marc. Great-grandfather of Jamie Belle. Funeral services will be held on Sunday, March 30, 1997, 1 P.M., in the Chapel. For information call Riverside-Gordon Memorial Chapel, 2230 Hollywood Blvd, Hollywood, FL. 33020. 954-523-5801.</p>
      </block>
    </body.content>
  </body>
</nitf>
