<?xml version="1.0" encoding="UTF-8"?>
<!DOCTYPE nitf SYSTEM "http://www.nitf.org/IPTC/NITF/3.3/specification/dtd/nitf-3-3.dtd">
<nitf change.date="June 10, 2005" change.time="19:30" version="-//IPTC//DTD NITF 3.3//EN">
  <head>
    <title>Corrections</title>
    <meta content="CXX1" name="slug"/>
    <meta content="22" name="publication_day_of_month"/>
    <meta content="4" name="publication_month"/>
    <meta content="1997" name="publication_year"/>
    <meta content="Tuesday" name="publication_day_of_week"/>
    <meta content="Metropolitan Desk" name="dsk"/>
    <meta content="2" name="print_page_number"/>
    <meta content="A" name="print_section"/>
    <meta content="5" name="print_column"/>
    <meta content="Corrections; New York and Region" name="online_sections"/>
    <docdata>
      <doc-id id-string="924698"/>
      <doc.copyright holder="The New York Times" year="1997"/>
      <identified-content>
        <classifier class="online_producer" type="types_of_material">Correction</classifier>
        <classifier class="online_producer" type="taxonomic_classifier">Top/News/New York and Region</classifier>
        <classifier class="online_producer" type="taxonomic_classifier">Top/News/Corrections</classifier>
      </identified-content>
    </docdata>
    <pubdata date.publication="19970422T000000" ex-ref="http://query.nytimes.com/gst/fullpage.html?res=9F0CE3DA153EF931A15757C0A961958260" item-length="115" name="The New York Times" unit-of-measure="word"/>
  </head>
  <body>
    <body.head>
      <hedline>
        <hl1>Corrections</hl1>
      </hedline>
    </body.head>
    <body.content>
      <block class="lead_paragraph">
        <p>A picture caption yesterday about Cuauhtemoc Cardenas, who is running for Mayor of Mexico City, located him incorrectly in a group at a campaign stop. He was standing at the center-right, wearing a tie, not the man in the hat, at the left.</p>
      </block>
      <block class="full_text">
        <p>A picture caption yesterday about Cuauhtemoc Cardenas, who is running for Mayor of Mexico City, located him incorrectly in a group at a campaign stop. He was standing at the center-right, wearing a tie, not the man in the hat, at the left.</p>
      </block>
    </body.content>
  </body>
</nitf>
