<?xml version="1.0" encoding="UTF-8"?>
<!DOCTYPE nitf SYSTEM "http://www.nitf.org/IPTC/NITF/3.3/specification/dtd/nitf-3-3.dtd">
<nitf change.date="June 10, 2005" change.time="19:30" version="-//IPTC//DTD NITF 3.3//EN">
  <head>
    <title>A Day for, and With, Mom</title>
    <meta content="12MOM.$01" name="slug"/>
    <meta content="12" name="publication_day_of_month"/>
    <meta content="5" name="publication_month"/>
    <meta content="1997" name="publication_year"/>
    <meta content="Monday" name="publication_day_of_week"/>
    <meta content="Metropolitan Desk" name="dsk"/>
    <meta content="3" name="print_page_number"/>
    <meta content="B" name="print_section"/>
    <meta content="1" name="print_column"/>
    <docdata>
      <doc-id id-string="929420"/>
      <doc.copyright holder="The New York Times" year="1997"/>
      <identified-content>
        <location class="indexing_service">New York City</location>
        <location class="indexing_service">Central Park (NYC)</location>
        <classifier class="online_producer" type="types_of_material">Caption</classifier>
        <classifier class="online_producer" type="taxonomic_classifier">Top/Features/Travel/Guides/Destinations/North America</classifier>
        <classifier class="online_producer" type="taxonomic_classifier">Top/Features/Travel/Guides/Destinations/North America/United States</classifier>
        <classifier class="online_producer" type="taxonomic_classifier">Top/Features/Travel/Guides/Destinations/North America/United States/New York</classifier>
        <classifier class="online_producer" type="taxonomic_classifier">Top/Features/Travel/Guides/Destinations/North America/United States/New York/New York City</classifier>
      </identified-content>
    </docdata>
    <pubdata date.publication="19970512T000000" ex-ref="http://query.nytimes.com/gst/fullpage.html?res=9C03E0DE1039F931A25756C0A961958260" item-length="0" name="The New York Times" unit-of-measure="word"/>
  </head>
  <body>
    <body.head>
      <hedline>
        <hl1>A Day for, and With, Mom</hl1>
      </hedline>
      <abstract>
        <p>Photo of sun bather in Central Park (S)</p>
      </abstract>
    </body.head>
    <body.content/>
  </body>
</nitf>
