<?xml version="1.0" encoding="UTF-8"?>
<!DOCTYPE nitf SYSTEM "http://www.nitf.org/IPTC/NITF/3.3/specification/dtd/nitf-3-3.dtd">
<nitf change.date="June 10, 2005" change.time="19:30" version="-//IPTC//DTD NITF 3.3//EN">
  <head>
    <title>Paid Notice: Deaths  RATNER, PETER</title>
    <meta content="DN062997" name="slug"/>
    <meta content="29" name="publication_day_of_month"/>
    <meta content="6" name="publication_month"/>
    <meta content="1997" name="publication_year"/>
    <meta content="Sunday" name="publication_day_of_week"/>
    <meta content="Classified" name="dsk"/>
    <meta content="29" name="print_page_number"/>
    <meta content="1" name="print_section"/>
    <meta content="1" name="print_column"/>
    <meta content="Paid Death Notices" name="online_sections"/>
    <docdata>
      <doc-id id-string="940599"/>
      <doc.copyright holder="The New York Times" year="1997"/>
      <identified-content>
        <person class="indexing_service">RATNER, PETER</person>
        <classifier class="online_producer" type="types_of_material">Paid Death Notice</classifier>
        <classifier class="online_producer" type="taxonomic_classifier">Top/Classifieds/Paid Death Notices</classifier>
      </identified-content>
    </docdata>
    <pubdata date.publication="19970629T000000" ex-ref="http://query.nytimes.com/gst/fullpage.html?res=9907E7D71F31F93AA15755C0A961958260" item-length="30" name="The New York Times" unit-of-measure="word"/>
  </head>
  <body>
    <body.head>
      <hedline>
        <hl1>Paid Notice: Deaths  RATNER, PETER</hl1>
      </hedline>
    </body.head>
    <body.content>
      <block class="lead_paragraph">
        <p>RATNER-Peter. Our condolences to our colleague, Richard Ratner, on the untimely death of his beloved brother Peter. American Society for Adolescent Psychiatry Alex Weintrob, M.D., President Vivian Rackoff, MBBS, Secretary</p>
      </block>
      <block class="full_text">
        <p>RATNER-Peter. Our condolences to our colleague, Richard Ratner, on the untimely death of his beloved brother Peter. American Society for Adolescent Psychiatry Alex Weintrob, M.D., President Vivian Rackoff, MBBS, Secretary</p>
      </block>
    </body.content>
  </body>
</nitf>
