<?xml version="1.0" encoding="UTF-8"?>
<!DOCTYPE nitf SYSTEM "http://www.nitf.org/IPTC/NITF/3.3/specification/dtd/nitf-3-3.dtd">
<nitf change.date="June 10, 2005" change.time="19:30" version="-//IPTC//DTD NITF 3.3//EN">
  <head>
    <title>Paid Notice: Deaths  FISHER, JAY L.</title>
    <meta content="DN120397" name="slug"/>
    <meta content="3" name="publication_day_of_month"/>
    <meta content="12" name="publication_month"/>
    <meta content="1997" name="publication_year"/>
    <meta content="Wednesday" name="publication_day_of_week"/>
    <meta content="Classified" name="dsk"/>
    <meta content="20" name="print_page_number"/>
    <meta content="D" name="print_section"/>
    <meta content="1" name="print_column"/>
    <meta content="Paid Death Notices" name="online_sections"/>
    <docdata>
      <doc-id id-string="977378"/>
      <doc.copyright holder="The New York Times" year="1997"/>
      <identified-content>
        <person class="indexing_service">FISHER, JAY L.</person>
        <classifier class="online_producer" type="types_of_material">Paid Death Notice</classifier>
        <classifier class="online_producer" type="taxonomic_classifier">Top/Classifieds/Paid Death Notices</classifier>
      </identified-content>
    </docdata>
    <pubdata date.publication="19971203T000000" ex-ref="http://query.nytimes.com/gst/fullpage.html?res=9B0CE3D61F3AF930A35751C1A961958260" item-length="41" name="The New York Times" unit-of-measure="word"/>
  </head>
  <body>
    <body.head>
      <hedline>
        <hl1>Paid Notice: Deaths  FISHER, JAY L.</hl1>
      </hedline>
    </body.head>
    <body.content>
      <block class="lead_paragraph">
        <p>FISHER-Jay L. Husband of the late Mildred. Father of Carol Gerst, Marcia Warren and Dr. Alan Fisher. Grandfather of Jeffrey, Elizabeth, Joshua and Marisa. Services 11:45 A.M., Thursday at Louis Suburban Chapel, 13-01 Broadway, (Route 4 West), Fair Lawn, New Jersey.</p>
      </block>
      <block class="full_text">
        <p>FISHER-Jay L. Husband of the late Mildred. Father of Carol Gerst, Marcia Warren and Dr. Alan Fisher. Grandfather of Jeffrey, Elizabeth, Joshua and Marisa. Services 11:45 A.M., Thursday at Louis Suburban Chapel, 13-01 Broadway, (Route 4 West), Fair Lawn, New Jersey.</p>
      </block>
    </body.content>
  </body>
</nitf>
