<?xml version="1.0" encoding="UTF-8"?>
<!DOCTYPE nitf SYSTEM "http://www.nitf.org/IPTC/NITF/3.3/specification/dtd/nitf-3-3.dtd">
<nitf change.date="June 10, 2005" change.time="19:30" version="-//IPTC//DTD NITF 3.3//EN">
  <head>
    <title>Paid Notice: Deaths  BIRNBAUM, DAVID</title>
    <meta content="DN011298" name="slug"/>
    <meta content="12" name="publication_day_of_month"/>
    <meta content="1" name="publication_month"/>
    <meta content="1998" name="publication_year"/>
    <meta content="Monday" name="publication_day_of_week"/>
    <meta content="Classified" name="dsk"/>
    <meta content="8" name="print_page_number"/>
    <meta content="B" name="print_section"/>
    <meta content="1" name="print_column"/>
    <meta content="Paid Death Notices" name="online_sections"/>
    <docdata>
      <doc-id id-string="987095"/>
      <doc.copyright holder="The New York Times" year="1998"/>
      <identified-content>
        <person class="indexing_service">BIRNBAUM, DAVID</person>
        <classifier class="online_producer" type="types_of_material">Paid Death Notice</classifier>
        <classifier class="online_producer" type="taxonomic_classifier">Top/Classifieds/Paid Death Notices</classifier>
      </identified-content>
    </docdata>
    <pubdata date.publication="19980112T000000" ex-ref="http://query.nytimes.com/gst/fullpage.html?res=9900E3DD1639F931A25752C0A96E958260" item-length="56" name="The New York Times" unit-of-measure="word"/>
  </head>
  <body>
    <body.head>
      <hedline>
        <hl1>Paid Notice: Deaths  BIRNBAUM, DAVID</hl1>
      </hedline>
    </body.head>
    <body.content>
      <block class="lead_paragraph">
        <p>BIRNBAUM-David. Of Bronxville, NY, and Boynton Beach, FL, on January 10, 1998. Beloved husband of Selma. Devoted father of Joyce, Ronnie, Beth, Arlene and Steven. Loving grandfather of Adam, Allison, Mark, Jamie, Jay and Jessica. Funeral services today at Free Synagogue of Westchester, Mt. Vernon, at 10 AM. He will live on in our hearts forever.</p>
      </block>
      <block class="full_text">
        <p>BIRNBAUM-David. Of Bronxville, NY, and Boynton Beach, FL, on January 10, 1998. Beloved husband of Selma. Devoted father of Joyce, Ronnie, Beth, Arlene and Steven. Loving grandfather of Adam, Allison, Mark, Jamie, Jay and Jessica. Funeral services today at Free Synagogue of Westchester, Mt. Vernon, at 10 AM. He will live on in our hearts forever.</p>
      </block>
    </body.content>
  </body>
</nitf>
