<?xml version="1.0" encoding="UTF-8"?>
<!DOCTYPE nitf SYSTEM "http://www.nitf.org/IPTC/NITF/3.3/specification/dtd/nitf-3-3.dtd">
<nitf change.date="June 10, 2005" change.time="19:30" version="-//IPTC//DTD NITF 3.3//EN">
  <head>
    <title>Austria</title>
    <meta content="LTR014122" name="slug"/>
    <meta content="15" name="publication_day_of_month"/>
    <meta content="2" name="publication_month"/>
    <meta content="1998" name="publication_year"/>
    <meta content="Sunday" name="publication_day_of_week"/>
    <meta content="Travel Desk" name="dsk"/>
    <meta content="19" name="print_page_number"/>
    <meta content="5" name="print_section"/>
    <meta content="4" name="print_column"/>
    <meta content="Opinion" name="online_sections"/>
    <docdata>
      <doc-id id-string="995512"/>
      <doc.copyright holder="The New York Times" year="1998"/>
      <identified-content>
        <classifier class="indexing_service" type="descriptor">Travel and Vacations</classifier>
        <classifier class="indexing_service" type="descriptor">Prices (Fares, Fees and Rates)</classifier>
        <location class="indexing_service">Austria</location>
        <person class="indexing_service">Lisey, Traudl</person>
        <classifier class="online_producer" type="types_of_material">Letter</classifier>
        <classifier class="online_producer" type="taxonomic_classifier">Top/Features/Travel/Sunday Travel/Letters</classifier>
        <classifier class="online_producer" type="taxonomic_classifier">Top/Features/Travel/Sunday Travel</classifier>
        <classifier class="online_producer" type="taxonomic_classifier">Top/Opinion</classifier>
        <classifier class="online_producer" type="taxonomic_classifier">Top/Opinion/Opinion</classifier>
        <classifier class="online_producer" type="taxonomic_classifier">Top/Features/Travel/Guides/Destinations/Europe</classifier>
        <classifier class="online_producer" type="taxonomic_classifier">Top/Features/Travel/Guides/Destinations/Europe/Austria</classifier>
        <classifier class="online_producer" type="general_descriptor">Prices (Fares, Fees and Rates)</classifier>
        <classifier class="online_producer" type="general_descriptor">Travel and Vacations</classifier>
      </identified-content>
    </docdata>
    <pubdata date.publication="19980215T000000" ex-ref="http://query.nytimes.com/gst/fullpage.html?res=9404E4DD123CF936A25751C0A96E958260" item-length="154" name="The New York Times" unit-of-measure="word"/>
  </head>
  <body>
    <body.head>
      <hedline>
        <hl1>Austria</hl1>
      </hedline>
      <abstract>
        <p>Letter by Traudl Lisey on Dec 14, 1997 travel article on lagging tourism in Austria because of high prices (S)a</p>
      </abstract>
    </body.head>
    <body.content>
      <block class="lead_paragraph">
        <p>To the Editor: ''Austrians Are Puzzled by Lagging Tourism'' propagates the false notion that Vienna is an expensive place to visit. In recent years, Vienna has consistently been in the middle of the European pack in terms of cost, and in many areas, is well below the average.</p>
        <p>Take dining out. Your ''$5 pastry,'' an obvious reference to a slice of Sachertorte, with the strong dollar actually costs less than $4. Usually, a Viennese pastry is more like $2.70. The price of one cup of coffee at one of the finer cafes buys not only excellent coffee, but also several hours' use of the international newspapers and comfortable seating without pressure to leave.</p>
      </block>
      <block class="full_text">
        <p>To the Editor: ''Austrians Are Puzzled by Lagging Tourism'' propagates the false notion that Vienna is an expensive place to visit. In recent years, Vienna has consistently been in the middle of the European pack in terms of cost, and in many areas, is well below the average.</p>
        <p>Take dining out. Your ''$5 pastry,'' an obvious reference to a slice of Sachertorte, with the strong dollar actually costs less than $4. Usually, a Viennese pastry is more like $2.70. The price of one cup of coffee at one of the finer cafes buys not only excellent coffee, but also several hours' use of the international newspapers and comfortable seating without pressure to leave.</p>
        <p>That it is possible to squander money on tourist traps (which exist in every major metropolis) does not necessarily make Vienna an expensive city for tourists.</p>
        <p>TRAUDL  LISEY  Vienna Tourist Board  Vienna</p>
      </block>
    </body.content>
  </body>
</nitf>
