<?xml version="1.0" encoding="UTF-8"?>
<!DOCTYPE nitf SYSTEM "http://www.nitf.org/IPTC/NITF/3.3/specification/dtd/nitf-3-3.dtd">
<nitf change.date="June 10, 2005" change.time="19:30" version="-//IPTC//DTD NITF 3.3//EN">
  <head>
    <title>Paid Notice: Deaths  FENECK, CARMINE</title>
    <meta content="DN060698" name="slug"/>
    <meta content="6" name="publication_day_of_month"/>
    <meta content="6" name="publication_month"/>
    <meta content="1998" name="publication_year"/>
    <meta content="Saturday" name="publication_day_of_week"/>
    <meta content="Classified" name="dsk"/>
    <meta content="9" name="print_page_number"/>
    <meta content="B" name="print_section"/>
    <meta content="5" name="print_column"/>
    <meta content="Paid Death Notices" name="online_sections"/>
    <docdata>
      <doc-id id-string="1022332"/>
      <doc.copyright holder="The New York Times" year="1998"/>
      <identified-content>
        <person class="indexing_service">FENECK, CARMINE</person>
        <classifier class="online_producer" type="types_of_material">Paid Death Notice</classifier>
        <classifier class="online_producer" type="taxonomic_classifier">Top/Classifieds/Paid Death Notices</classifier>
      </identified-content>
    </docdata>
    <pubdata date.publication="19980606T000000" ex-ref="http://query.nytimes.com/gst/fullpage.html?res=9F01E5DE1E3BF935A35755C0A96E958260" item-length="22" name="The New York Times" unit-of-measure="word"/>
  </head>
  <body>
    <body.head>
      <hedline>
        <hl1>Paid Notice: Deaths  FENECK, CARMINE</hl1>
      </hedline>
    </body.head>
    <body.content>
      <block class="lead_paragraph">
        <p>FENECK-Carmine. The New York Times records with deep sorrow the passing of Carmine Feneck, associated with The Times since May 1, 1959.</p>
      </block>
      <block class="full_text">
        <p>FENECK-Carmine. The New York Times records with deep sorrow the passing of Carmine Feneck, associated with The Times since May 1, 1959.</p>
      </block>
    </body.content>
  </body>
</nitf>
