<?xml version="1.0" encoding="UTF-8"?>
<!DOCTYPE nitf SYSTEM "http://www.nitf.org/IPTC/NITF/3.3/specification/dtd/nitf-3-3.dtd">
<nitf change.date="June 10, 2005" change.time="19:30" version="-//IPTC//DTD NITF 3.3//EN">
  <head>
    <title>Remove Threat of Prosecuting the President</title>
    <meta content="LTR010325" name="slug"/>
    <meta content="3" name="publication_day_of_month"/>
    <meta content="12" name="publication_month"/>
    <meta content="1998" name="publication_year"/>
    <meta content="Thursday" name="publication_day_of_week"/>
    <meta content="Editorial Desk" name="dsk"/>
    <meta content="30" name="print_page_number"/>
    <meta content="A" name="print_section"/>
    <meta content="4" name="print_column"/>
    <meta content="Opinion" name="online_sections"/>
    <docdata>
      <doc-id id-string="1066898"/>
      <doc.copyright holder="The New York Times" year="1998"/>
      <identified-content>
        <classifier class="indexing_service" type="descriptor">Perjury</classifier>
        <classifier class="indexing_service" type="descriptor">Ethics</classifier>
        <person class="indexing_service">Clinton, Bill (Pres)</person>
        <person class="indexing_service">Alleyne, Reginald</person>
        <person class="indexing_service">Lewinsky, Monica S</person>
        <classifier class="online_producer" type="types_of_material">Letter</classifier>
        <classifier class="online_producer" type="taxonomic_classifier">Top/Opinion/Opinion/Letters</classifier>
        <classifier class="online_producer" type="taxonomic_classifier">Top/Opinion</classifier>
        <classifier class="online_producer" type="taxonomic_classifier">Top/Opinion/Opinion</classifier>
        <classifier class="online_producer" type="general_descriptor">Ethics</classifier>
        <classifier class="online_producer" type="general_descriptor">Perjury</classifier>
      </identified-content>
    </docdata>
    <pubdata date.publication="19981203T000000" ex-ref="http://query.nytimes.com/gst/fullpage.html?res=9901E3DE133BF930A35751C1A96E958260" item-length="137" name="The New York Times" unit-of-measure="word"/>
  </head>
  <body>
    <body.head>
      <hedline>
        <hl1>Remove Threat of Prosecuting the President</hl1>
      </hedline>
      <abstract>
        <p>Reginald Alleyne letter critices Republican members of House Judiciary Committee for using testimony of two people who were convicted for lying about consensual sex in civil case</p>
      </abstract>
    </body.head>
    <body.content>
      <block class="lead_paragraph">
        <p>To the Editor:</p>
        <p>Republican members of the House Judiciary Committee apparently found the only two people in the United States who have been convicted for lying about consensual sex in a civil case (news article, Dec. 2). Thousands of divorce-case perjurers, for example, are never prosecuted for lying about consensual sex.</p>
      </block>
      <block class="full_text">
        <p>To the Editor:</p>
        <p>Republican members of the House Judiciary Committee apparently found the only two people in the United States who have been convicted for lying about consensual sex in a civil case (news article, Dec. 2). Thousands of divorce-case perjurers, for example, are never prosecuted for lying about consensual sex.</p>
        <p>Of the two found prosecutions for consensual-sex perjury, one  of the two cases should not even count.</p>
        <p>When a psychiatrist has sex with a psychiatric patient, that is closer to rape than consensual sex because the patient may well lack the mental capacity to consent. The President should be impeached only for routinely prosecuted or prosecutable crimes. Lying about consensual sex is neither.</p>
        <p>REGINALD ALLEYNE  Newton, Mass., Dec. 2, 1998</p>
        <p>The writer is a visiting professor of law at Boston College.</p>
      </block>
    </body.content>
  </body>
</nitf>
