<?xml version="1.0" encoding="UTF-8"?>
<!DOCTYPE nitf SYSTEM "http://www.nitf.org/IPTC/NITF/3.3/specification/dtd/nitf-3-3.dtd">
<nitf change.date="June 10, 2005" change.time="19:30" version="-//IPTC//DTD NITF 3.3//EN">
  <head>
    <title>Corrections</title>
    <meta content="COR011042" name="slug"/>
    <meta content="28" name="publication_day_of_month"/>
    <meta content="1" name="publication_month"/>
    <meta content="1999" name="publication_year"/>
    <meta content="Thursday" name="publication_day_of_week"/>
    <meta content="Metropolitan Desk" name="dsk"/>
    <meta content="2" name="print_page_number"/>
    <meta content="A" name="print_section"/>
    <meta content="4" name="print_column"/>
    <meta content="Corrections; New York and Region" name="online_sections"/>
    <docdata>
      <doc-id id-string="1080871"/>
      <doc.copyright holder="The New York Times" year="1999"/>
      <identified-content>
        <classifier class="indexing_service" type="descriptor">Environment</classifier>
        <classifier class="indexing_service" type="descriptor">Hazardous and Toxic Substances</classifier>
        <classifier class="indexing_service" type="descriptor">Correction Stories</classifier>
        <classifier class="indexing_service" type="descriptor">Accidents and Safety</classifier>
        <org class="indexing_service">Chemical Manufacturers Assn</org>
        <classifier class="online_producer" type="types_of_material">Correction</classifier>
        <classifier class="online_producer" type="taxonomic_classifier">Top/News/New York and Region</classifier>
        <classifier class="online_producer" type="taxonomic_classifier">Top/News/Corrections</classifier>
        <classifier class="online_producer" type="taxonomic_classifier">Top/Features/Travel/Guides/Activities and Interests/Eco-tourism</classifier>
        <classifier class="online_producer" type="general_descriptor">Hazardous and Toxic Substances</classifier>
        <classifier class="online_producer" type="general_descriptor">Environment</classifier>
        <classifier class="online_producer" type="general_descriptor">Accidents and Safety</classifier>
      </identified-content>
    </docdata>
    <pubdata date.publication="19990128T000000" ex-ref="http://query.nytimes.com/gst/fullpage.html?res=9507E2D61139F93BA15752C0A96F958260" item-length="100" name="The New York Times" unit-of-measure="word"/>
  </head>
  <body>
    <body.head>
      <hedline>
        <hl1>Corrections</hl1>
      </hedline>
      <abstract>
        <p>Correction of January 27 article on Chemical Manufacturers Assn's program to research safety of some commonly-used, high-volume chemicals on environment</p>
      </abstract>
    </body.head>
    <body.content>
      <block class="lead_paragraph">
        <p>An article yesterday about the Chemical Manufacturers Association's program to research the safety of products misstated the group's Web address. It is www.cmahq.com (www.cma.org is the site for the Communications Managers Association).</p>
      </block>
      <block class="full_text">
        <p>An article yesterday about the Chemical Manufacturers Association's program to research the safety of products misstated the group's Web address. It is www.cmahq.com (www.cma.org is the site for the Communications Managers Association).</p>
      </block>
    </body.content>
  </body>
</nitf>
