<?xml version="1.0" encoding="UTF-8"?>
<!DOCTYPE nitf SYSTEM "http://www.nitf.org/IPTC/NITF/3.3/specification/dtd/nitf-3-3.dtd">
<nitf change.date="June 10, 2005" change.time="19:30" version="-//IPTC//DTD NITF 3.3//EN">
  <head>
    <title>Gambling on Herbs</title>
    <meta content="09X1HE$01" name="slug"/>
    <meta content="9" name="publication_day_of_month"/>
    <meta content="2" name="publication_month"/>
    <meta content="1999" name="publication_year"/>
    <meta content="Tuesday" name="publication_day_of_week"/>
    <meta content="National Desk" name="dsk"/>
    <meta content="1" name="print_page_number"/>
    <meta content="A" name="print_section"/>
    <meta content="6" name="print_column"/>
    <meta content="Front Page; U.S." name="online_sections"/>
    <docdata>
      <doc-id id-string="1083887"/>
      <doc.copyright holder="The New York Times" year="1999"/>
      <identified-content>
        <classifier class="indexing_service" type="descriptor">NO INDEX TERMS FROM NYTIMES</classifier>
        <classifier class="online_producer" type="types_of_material">Summary</classifier>
        <classifier class="online_producer" type="taxonomic_classifier">Top/News/U.S.</classifier>
        <classifier class="online_producer" type="taxonomic_classifier">Top/News/Front Page</classifier>
      </identified-content>
    </docdata>
    <pubdata date.publication="19990209T000000" ex-ref="http://query.nytimes.com/gst/fullpage.html?res=9C0DEFDC133BF93AA35751C0A96F958260" item-length="82" name="The New York Times" unit-of-measure="word"/>
  </head>
  <body>
    <body.head>
      <hedline>
        <hl1>Gambling on Herbs</hl1>
      </hedline>
    </body.head>
    <body.content>
      <block class="lead_paragraph">
        <p>One-third of American adults are using herbs as medicine, even though consumers have no assurances about safety or effectiveness.</p>
        <p>Science Times, page F1.</p>
      </block>
      <block class="full_text">
        <p>One-third of American adults are using herbs as medicine, even though consumers have no assurances about safety or effectiveness.</p>
        <p>Science Times, page F1.</p>
      </block>
    </body.content>
  </body>
</nitf>
