<?xml version="1.0" encoding="UTF-8"?>
<!DOCTYPE nitf SYSTEM "http://www.nitf.org/IPTC/NITF/3.3/specification/dtd/nitf-3-3.dtd">
<nitf change.date="June 10, 2005" change.time="19:30" version="-//IPTC//DTD NITF 3.3//EN">
  <head>
    <title>Paid Notice: Memorials  JASON, EDITH (NANU)</title>
    <meta content="DN022599" name="slug"/>
    <meta content="25" name="publication_day_of_month"/>
    <meta content="2" name="publication_month"/>
    <meta content="1999" name="publication_year"/>
    <meta content="Thursday" name="publication_day_of_week"/>
    <meta content="Classified" name="dsk"/>
    <meta content="12" name="print_page_number"/>
    <meta content="B" name="print_section"/>
    <meta content="3" name="print_column"/>
    <meta content="Paid Death Notices" name="online_sections"/>
    <docdata>
      <doc-id id-string="1087897"/>
      <doc.copyright holder="The New York Times" year="1999"/>
      <identified-content>
        <person class="indexing_service">JASON, EDITH (NANU)</person>
        <classifier class="online_producer" type="types_of_material">Paid Memorial Notice</classifier>
        <classifier class="online_producer" type="taxonomic_classifier">Top/Classifieds/Paid Death Notices</classifier>
      </identified-content>
    </docdata>
    <pubdata date.publication="19990225T000000" ex-ref="http://query.nytimes.com/gst/fullpage.html?res=9E04E5DE163CF936A15751C0A96F958260" item-length="10" name="The New York Times" unit-of-measure="word"/>
  </head>
  <body>
    <body.head>
      <hedline>
        <hl1>Paid Notice: Memorials  JASON, EDITH (NANU)</hl1>
      </hedline>
    </body.head>
    <body.content>
      <block class="lead_paragraph">
        <p>JASON-Edith (Nanu). It would have been our 50th. Love, Bernie</p>
      </block>
      <block class="full_text">
        <p>JASON-Edith (Nanu). It would have been our 50th. Love, Bernie</p>
      </block>
    </body.content>
  </body>
</nitf>
