<?xml version="1.0" encoding="UTF-8"?>
<!DOCTYPE nitf SYSTEM "http://www.nitf.org/IPTC/NITF/3.3/specification/dtd/nitf-3-3.dtd">
<nitf change.date="June 10, 2005" change.time="19:30" version="-//IPTC//DTD NITF 3.3//EN">
  <head>
    <title>Paid Notice: Deaths  STEINBERG, SAUL</title>
    <meta content="DN051399" name="slug"/>
    <meta content="13" name="publication_day_of_month"/>
    <meta content="5" name="publication_month"/>
    <meta content="1999" name="publication_year"/>
    <meta content="Thursday" name="publication_day_of_week"/>
    <meta content="Classified" name="dsk"/>
    <meta content="11" name="print_page_number"/>
    <meta content="B" name="print_section"/>
    <meta content="3" name="print_column"/>
    <meta content="Paid Death Notices" name="online_sections"/>
    <docdata>
      <doc-id id-string="1107351"/>
      <doc.copyright holder="The New York Times" year="1999"/>
      <identified-content>
        <person class="indexing_service">STEINBERG, SAUL</person>
        <classifier class="online_producer" type="types_of_material">Paid Death Notice</classifier>
        <classifier class="online_producer" type="taxonomic_classifier">Top/Classifieds/Paid Death Notices</classifier>
      </identified-content>
    </docdata>
    <pubdata date.publication="19990513T000000" ex-ref="http://query.nytimes.com/gst/fullpage.html?res=9803E1DB113FF930A25756C0A96F958260" item-length="30" name="The New York Times" unit-of-measure="word"/>
  </head>
  <body>
    <body.head>
      <hedline>
        <hl1>Paid Notice: Deaths  STEINBERG, SAUL</hl1>
      </hedline>
    </body.head>
    <body.content>
      <block class="lead_paragraph">
        <p>STEINBERG-Saul. The members of the American Academy of Arts and Letters note with sorrow the death of their esteemed colleague whose passing will be mourned by the world of art.</p>
      </block>
      <block class="full_text">
        <p>STEINBERG-Saul. The members of the American Academy of Arts and Letters note with sorrow the death of their esteemed colleague whose passing will be mourned by the world of art.</p>
      </block>
    </body.content>
  </body>
</nitf>
