<?xml version="1.0" encoding="UTF-8"?>
<!DOCTYPE nitf SYSTEM "http://www.nitf.org/IPTC/NITF/3.3/specification/dtd/nitf-3-3.dtd">
<nitf change.date="June 10, 2005" change.time="19:30" version="-//IPTC//DTD NITF 3.3//EN">
  <head>
    <title>Corrections</title>
    <meta content="COR003639" name="slug"/>
    <meta content="12" name="publication_day_of_month"/>
    <meta content="10" name="publication_month"/>
    <meta content="1999" name="publication_year"/>
    <meta content="Tuesday" name="publication_day_of_week"/>
    <meta content="Metropolitan Desk" name="dsk"/>
    <meta content="2" name="print_page_number"/>
    <meta content="A" name="print_section"/>
    <meta content="6" name="print_column"/>
    <meta content="Corrections; New York and Region" name="online_sections"/>
    <docdata>
      <doc-id id-string="1144796"/>
      <doc.copyright holder="The New York Times" year="1999"/>
      <identified-content>
        <classifier class="indexing_service" type="descriptor">Horse Racing</classifier>
        <classifier class="indexing_service" type="descriptor">Television</classifier>
        <classifier class="indexing_service" type="descriptor">Correction Stories</classifier>
        <org class="indexing_service">National Broadcasting Co</org>
        <org class="indexing_service">Abc Inc</org>
        <classifier class="online_producer" type="types_of_material">Correction</classifier>
        <classifier class="online_producer" type="taxonomic_classifier">Top/News/New York and Region</classifier>
        <classifier class="online_producer" type="taxonomic_classifier">Top/News/Corrections</classifier>
        <classifier class="online_producer" type="general_descriptor">Horse Racing</classifier>
        <classifier class="online_producer" type="general_descriptor">Television</classifier>
      </identified-content>
    </docdata>
    <pubdata date.publication="19991012T000000" ex-ref="http://query.nytimes.com/gst/fullpage.html?res=9901E7DF1430F931A25753C1A96F958260" item-length="100" name="The New York Times" unit-of-measure="word"/>
  </head>
  <body>
    <body.head>
      <hedline>
        <hl1>Corrections</hl1>
      </hedline>
      <abstract>
        <p>Correction of October 5 article on NBC's purchase of television rights to Triple Crown horse races which misattributed information about competing bid from ABC</p>
      </abstract>
    </body.head>
    <body.content>
      <block class="lead_paragraph">
        <p>A sports article last Tuesday about NBC's purchase of television rights to the Triple Crown horse races misattributed information about a competing bid, from ABC. The source of that information was not Tom Meeker, the president of Triple Crown Productions, but another person involved in the deal, who declined to be identified publicly.</p>
      </block>
      <block class="full_text">
        <p>A sports article last Tuesday about NBC's purchase of television rights to the Triple Crown horse races misattributed information about a competing bid, from ABC. The source of that information was not Tom Meeker, the president of Triple Crown Productions, but another person involved in the deal, who declined to be identified publicly.</p>
      </block>
    </body.content>
  </body>
</nitf>
