<?xml version="1.0" encoding="UTF-8"?>
<!DOCTYPE nitf SYSTEM "http://www.nitf.org/IPTC/NITF/3.3/specification/dtd/nitf-3-3.dtd">
<nitf change.date="June 10, 2005" change.time="19:30" version="-//IPTC//DTD NITF 3.3//EN">
  <head>
    <title>Paid Notice: Deaths  HART, CONSTANCE PETERS</title>
    <meta content="DN012600" name="slug"/>
    <meta content="26" name="publication_day_of_month"/>
    <meta content="1" name="publication_month"/>
    <meta content="2000" name="publication_year"/>
    <meta content="Wednesday" name="publication_day_of_week"/>
    <meta content="Classified" name="dsk"/>
    <meta content="29" name="print_page_number"/>
    <meta content="C" name="print_section"/>
    <meta content="1" name="print_column"/>
    <meta content="Paid Death Notices" name="online_sections"/>
    <docdata>
      <doc-id id-string="1171612"/>
      <doc.copyright holder="The New York Times" year="2000"/>
      <identified-content>
        <person class="indexing_service">HART, CONSTANCE PETERS</person>
        <classifier class="online_producer" type="types_of_material">Paid Death Notice</classifier>
        <classifier class="online_producer" type="taxonomic_classifier">Top/Classifieds/Paid Death Notices</classifier>
      </identified-content>
    </docdata>
    <pubdata date.publication="20000126T000000" ex-ref="http://query.nytimes.com/gst/fullpage.html?res=9B05E4D7143CF935A15752C0A9669C8B63" item-length="98" name="The New York Times" unit-of-measure="word"/>
  </head>
  <body>
    <body.head>
      <hedline>
        <hl1>Paid Notice: Deaths  HART, CONSTANCE PETERS</hl1>
      </hedline>
    </body.head>
    <body.content>
      <block class="lead_paragraph">
        <p>HART-Constance Peters. On January 23, 2000. Loving mother of Frank, Caren Ratcliffe and Tracy Lakow. Adored grandmother of Brandon, Deirdre, Corey, Alixandra, Justin and Courtney. Daughter of the late Charlotte Iverson and Curtis Peters. Sister of the late Peter Arno, cartoonist of The New Yorker. Friends may call at Frank E. Campbell, 1076 Madison Ave at 81st St, Wednesday, 5-7 PM. A mass of Christian burial, Thursday, 11 AM, at St. John the Martyr, 250 E. 72 St. Interment to follow at Kensico Cemetery, Valhalla, N.Y. Contributions in her memory may be made to charity of your choice.</p>
      </block>
      <block class="full_text">
        <p>HART-Constance Peters. On January 23, 2000. Loving mother of Frank, Caren Ratcliffe and Tracy Lakow. Adored grandmother of Brandon, Deirdre, Corey, Alixandra, Justin and Courtney. Daughter of the late Charlotte Iverson and Curtis Peters. Sister of the late Peter Arno, cartoonist of The New Yorker. Friends may call at Frank E. Campbell, 1076 Madison Ave at 81st St, Wednesday, 5-7 PM. A mass of Christian burial, Thursday, 11 AM, at St. John the Martyr, 250 E. 72 St. Interment to follow at Kensico Cemetery, Valhalla, N.Y. Contributions in her memory may be made to charity of your choice.</p>
      </block>
    </body.content>
  </body>
</nitf>
