<?xml version="1.0" encoding="UTF-8"?>
<!DOCTYPE nitf SYSTEM "http://www.nitf.org/IPTC/NITF/3.3/specification/dtd/nitf-3-3.dtd">
<nitf change.date="June 10, 2005" change.time="19:30" version="-//IPTC//DTD NITF 3.3//EN">
  <head>
    <title>QUOTATION OF THE DAY</title>
    <meta content="16QUOTE" name="slug"/>
    <meta content="16" name="publication_day_of_month"/>
    <meta content="2" name="publication_month"/>
    <meta content="2000" name="publication_year"/>
    <meta content="Wednesday" name="publication_day_of_week"/>
    <meta content="Metropolitan Desk" name="dsk"/>
    <meta content="2" name="print_page_number"/>
    <meta content="A" name="print_section"/>
    <meta content="6" name="print_column"/>
    <meta content="New York and Region" name="online_sections"/>
    <docdata>
      <doc-id id-string="1176883"/>
      <doc.copyright holder="The New York Times" year="2000"/>
      <identified-content>
        <classifier class="indexing_service" type="descriptor">QUOTATION OF THE DAY</classifier>
        <classifier class="online_producer" type="taxonomic_classifier">Top/News/New York and Region</classifier>
      </identified-content>
    </docdata>
    <pubdata date.publication="20000216T000000" ex-ref="http://query.nytimes.com/gst/fullpage.html?res=9502E6DB1231F935A25751C0A9669C8B63" item-length="88" name="The New York Times" unit-of-measure="word"/>
  </head>
  <body>
    <body.head>
      <hedline>
        <hl1>QUOTATION OF THE DAY</hl1>
      </hedline>
    </body.head>
    <body.content>
      <block class="lead_paragraph">
        <p>''When you spend your time on the Internet, you don't hear a human voice and you never get a hug.''</p>
        <p>NORMAN NIE, principal investigator for a study on Internet users. [A18]</p>
      </block>
      <block class="full_text">
        <p>''When you spend your time on the Internet, you don't hear a human voice and you never get a hug.''</p>
        <p>NORMAN NIE, principal investigator for a study on Internet users. [A18]</p>
      </block>
    </body.content>
  </body>
</nitf>
