<?xml version="1.0" encoding="UTF-8"?>
<!DOCTYPE nitf SYSTEM "http://www.nitf.org/IPTC/NITF/3.3/specification/dtd/nitf-3-3.dtd">
<nitf change.date="June 10, 2005" change.time="19:30" version="-//IPTC//DTD NITF 3.3//EN">
  <head>
    <title>Mayoral Candidates Tally Campaign Funds</title>
    <meta content="15MAYO$01" name="slug"/>
    <meta content="15" name="publication_day_of_month"/>
    <meta content="7" name="publication_month"/>
    <meta content="2000" name="publication_year"/>
    <meta content="Saturday" name="publication_day_of_week"/>
    <meta content="Metropolitan Desk" name="dsk"/>
    <meta content="4" name="print_page_number"/>
    <meta content="B" name="print_section"/>
    <meta content="4" name="print_column"/>
    <meta content="New York and Region" name="online_sections"/>
    <docdata>
      <doc-id id-string="1214943"/>
      <doc.copyright holder="The New York Times" year="2000"/>
      <identified-content>
        <classifier class="indexing_service" type="descriptor">Elections</classifier>
        <classifier class="indexing_service" type="descriptor">Mayors</classifier>
        <classifier class="indexing_service" type="descriptor">Finances</classifier>
        <location class="indexing_service">New York City</location>
        <person class="indexing_service">Lueck, Thomas J</person>
        <person class="indexing_service">Vallone, Peter F (Speaker)</person>
        <person class="indexing_service">Hevesi, Alan G (Comptroller)</person>
        <person class="indexing_service">Green, Mark (Public Advocate)</person>
        <person class="indexing_service">Ferrer, Fernando (Boro Pres)</person>
        <person class="indexing_service">Albanese, Sal (Councilman)</person>
        <classifier class="online_producer" type="taxonomic_classifier">Top/News/U.S./U.S. States, Territories and Possessions/New York</classifier>
        <classifier class="online_producer" type="taxonomic_classifier">Top/News/U.S./Mid-Atlantic</classifier>
        <classifier class="online_producer" type="taxonomic_classifier">Top/News/New York and Region</classifier>
        <classifier class="online_producer" type="taxonomic_classifier">Top/Classifieds/Job Market/Job Categories/Banking, Finance and Insurance</classifier>
        <classifier class="online_producer" type="taxonomic_classifier">Top/Features/Travel/Guides/Destinations/North America/United States/New York/New York City</classifier>
        <classifier class="online_producer" type="general_descriptor">Mayors</classifier>
        <classifier class="online_producer" type="general_descriptor">Finances</classifier>
        <classifier class="online_producer" type="general_descriptor">Elections</classifier>
        <classifier class="online_producer" type="general_descriptor">Politics and Government</classifier>
      </identified-content>
    </docdata>
    <pubdata date.publication="20000715T000000" ex-ref="http://query.nytimes.com/gst/fullpage.html?res=9C0CE6D9143BF936A25754C0A9669C8B63" item-length="575" name="The New York Times" unit-of-measure="word"/>
  </head>
  <body>
    <body.head>
      <hedline>
        <hl1>Mayoral Candidates Tally Campaign Funds</hl1>
      </hedline>
      <byline class="print_byline">By THOMAS J. LUECK</byline>
      <byline class="normalized_byline">Lueck, Thomas J</byline>
      <abstract>
        <p>Each of four major Democrats seeking New Y�</p>
      </abstract>
    </body.head>
    <body.content>
      <block class="lead_paragraph">
        <p>Fund-raising results released yesterday by the four major Democratic candidates to succeed Mayor Rudolph W. Giuliani showed that each  appeared to be accumulating war chests that would allow them to spend the most allowed under city election rules.</p>
        <p>With the Democratic primary for the mayoral race 14 months away, each of the four candidates has raised at least $2.8 million in total contributions, according to the filings, which are required by the city's Campaign Finance Board to qualify for public matching funds. Although the deadline for the filings is Monday afternoon, aides to each of the candidates said they had prepared figures yesterday.</p>
      </block>
      <block class="full_text">
        <p>Fund-raising results released yesterday by the four major Democratic candidates to succeed Mayor Rudolph W. Giuliani showed that each  appeared to be accumulating war chests that would allow them to spend the most allowed under city election rules.</p>
        <p>With the Democratic primary for the mayoral race 14 months away, each of the four candidates has raised at least $2.8 million in total contributions, according to the filings, which are required by the city's Campaign Finance Board to qualify for public matching funds. Although the deadline for the filings is Monday afternoon, aides to each of the candidates said they had prepared figures yesterday.</p>
        <p>Coming after more than two years of aggressive fund-raising by all the candidates, the figures may have been disappointing for supporters of the City Council speaker, Peter F. Vallone. He reported raising $625,000 during the six months that ended July 11, less than half the $1.4 million he raised in the six months that ended in January. Mr. Vallone has raised a total of $2.8 million, and has $2.1 million left on hand.</p>
        <p>''During this calendar year, the business of government has taken up a lot of the speaker's time, and he has not been able to spend every minute dialing for dollars,'' said Adam Macy, a spokesman for Mr. Vallone's campaign. But, Mr. Macy said, ''people will start focusing on this race after the Senate race,'' and each of the four leading Democrats will have ''plenty of money.''</p>
        <p>The city comptroller, Alan G. Hevesi, raised the most during the reporting period: $1.4 million, bringing his total donations to $4.9 million, according to approximate figures provided by his media consultant, Hank Morris. Mr. Hevesi has $4.6 million on hand, Mr. Morris said.</p>
        <p>A close second in fund-raising over the last six months was Mark Green, the public advocate, who reported raising $1.1 million during the period.  That amount, described in a press release by his campaign staff as ''exceeding our most optimistic estimates,'' raised Mr. Green's total contributions to $3.3 million, with $2.9 million on hand.</p>
        <p>Fernando Ferrer, the Bronx borough president, raised $850,240 during the reporting period, bringing his total to $2.9 million, with $2.4 million on hand, said Allen Cappelli, a spokesman.</p>
        <p>Mr. Cappelli said that he expected all four of the leading Democrats to raise enough to fully qualify for matching campaign funds by the end of December.</p>
        <p>The only other Democrat who has filed for the mayoral race and is seeking public matching funds, a former city councilman, Sal Albanese of Brooklyn, said yesterday that he raised $90,000 during the last six months, bringing his total to $265,000.</p>
        <p>Thus far, no major Republican mayoral candidate has emerged.</p>
        <p>Under the city's new campaign finance law, $1,000 in public matching campaign funds is provided to the candidates for each $250 contributed to their campaigns by individual New Yorkers, up to a limit of 55 percent of their total spending.</p>
        <p>The law, which bans corporate contributions, sets a limit of $4,500 for individual contributions and caps total spending by each candidate on the mayoral primary at $5.5 million.</p>
      </block>
    </body.content>
  </body>
</nitf>
