<?xml version="1.0" encoding="UTF-8"?>
<!DOCTYPE nitf SYSTEM "http://www.nitf.org/IPTC/NITF/3.3/specification/dtd/nitf-3-3.dtd">
<nitf change.date="June 10, 2005" change.time="19:30" version="-//IPTC//DTD NITF 3.3//EN">
  <head>
    <title>Paid Notice: Memorials   RAFSKY, ROBERT ALAN</title>
    <meta content="DN072200" name="slug"/>
    <meta content="22" name="publication_day_of_month"/>
    <meta content="7" name="publication_month"/>
    <meta content="2000" name="publication_year"/>
    <meta content="Saturday" name="publication_day_of_week"/>
    <meta content="Classified" name="dsk"/>
    <meta content="13" name="print_page_number"/>
    <meta content="A" name="print_section"/>
    <meta content="3" name="print_column"/>
    <meta content="Paid Death Notices" name="online_sections"/>
    <docdata>
      <doc-id id-string="1216799"/>
      <doc.copyright holder="The New York Times" year="2000"/>
      <identified-content>
        <person class="indexing_service">RAFSKY, ROBERT ALAN</person>
        <classifier class="online_producer" type="types_of_material">Paid Memorial Notice</classifier>
        <classifier class="online_producer" type="taxonomic_classifier">Top/Classifieds/Paid Death Notices</classifier>
      </identified-content>
    </docdata>
    <pubdata date.publication="20000722T000000" ex-ref="http://query.nytimes.com/gst/fullpage.html?res=9C01E0DE153AF931A15754C0A9669C8B63" item-length="9" name="The New York Times" unit-of-measure="word"/>
  </head>
  <body>
    <body.head>
      <hedline>
        <hl1>Paid Notice: Memorials   RAFSKY, ROBERT ALAN</hl1>
      </hedline>
    </body.head>
    <body.content>
      <block class="lead_paragraph">
        <p>RAFSKY-Robert Alan Lovingly remembered today and every day.</p>
      </block>
      <block class="full_text">
        <p>RAFSKY-Robert Alan Lovingly remembered today and every day.</p>
      </block>
    </body.content>
  </body>
</nitf>
