<?xml version="1.0" encoding="UTF-8"?>
<!DOCTYPE nitf SYSTEM "http://www.nitf.org/IPTC/NITF/3.3/specification/dtd/nitf-3-3.dtd">
<nitf change.date="June 10, 2005" change.time="19:30" version="-//IPTC//DTD NITF 3.3//EN">
  <head>
    <title>Paid Notice: Memorials  KATZ, DR. HYMAN M.</title>
    <meta content="DN091700" name="slug"/>
    <meta content="17" name="publication_day_of_month"/>
    <meta content="9" name="publication_month"/>
    <meta content="2000" name="publication_year"/>
    <meta content="Sunday" name="publication_day_of_week"/>
    <meta content="Classified Desk" name="dsk"/>
    <meta content="50" name="print_page_number"/>
    <meta content="1" name="print_section"/>
    <meta content="3" name="print_column"/>
    <meta content="Paid Death Notices" name="online_sections"/>
    <docdata>
      <doc-id id-string="1231555"/>
      <doc.copyright holder="The New York Times" year="2000"/>
      <identified-content>
        <person class="indexing_service">KATZ, DR. HYMAN M.</person>
        <classifier class="online_producer" type="types_of_material">Paid Memorial Notice</classifier>
        <classifier class="online_producer" type="taxonomic_classifier">Top/Classifieds/Paid Death Notices</classifier>
      </identified-content>
    </docdata>
    <pubdata date.publication="20000917T000000" ex-ref="http://query.nytimes.com/gst/fullpage.html?res=9B03E4D61F38F934A2575AC0A9669C8B63" item-length="20" name="The New York Times" unit-of-measure="word"/>
  </head>
  <body>
    <body.head>
      <hedline>
        <hl1>Paid Notice: Memorials  KATZ, DR. HYMAN M.</hl1>
      </hedline>
    </body.head>
    <body.content>
      <block class="lead_paragraph">
        <p>KATZ-Dr. Hyman M. Next Sunday, September 24th, at 2PM, rain or shine, at Beth David Cemetery, Elmont, NY, Section 2.</p>
      </block>
      <block class="full_text">
        <p>KATZ-Dr. Hyman M. Next Sunday, September 24th, at 2PM, rain or shine, at Beth David Cemetery, Elmont, NY, Section 2.</p>
      </block>
    </body.content>
  </body>
</nitf>
