<?xml version="1.0" encoding="UTF-8"?>
<!DOCTYPE nitf SYSTEM "http://www.nitf.org/IPTC/NITF/3.3/specification/dtd/nitf-3-3.dtd">
<nitf change.date="June 10, 2005" change.time="19:30" version="-//IPTC//DTD NITF 3.3//EN">
  <head>
    <title>Corrections</title>
    <meta content="COR014112" name="slug"/>
    <meta content="14" name="publication_day_of_month"/>
    <meta content="10" name="publication_month"/>
    <meta content="2000" name="publication_year"/>
    <meta content="Saturday" name="publication_day_of_week"/>
    <meta content="Metropolitan Desk" name="dsk"/>
    <meta content="2" name="print_page_number"/>
    <meta content="A" name="print_section"/>
    <meta content="4" name="print_column"/>
    <meta content="Corrections; New York and Region" name="online_sections"/>
    <docdata>
      <doc-id id-string="1238699"/>
      <doc.copyright holder="The New York Times" year="2000"/>
      <identified-content>
        <classifier class="indexing_service" type="descriptor">Correction Stories</classifier>
        <classifier class="indexing_service" type="descriptor">Deaths (Obituaries)</classifier>
        <location class="indexing_service">Minnesota</location>
        <person class="indexing_service">Vento, Bruce F (Repr)</person>
        <classifier class="online_producer" type="types_of_material">Correction</classifier>
        <classifier class="online_producer" type="taxonomic_classifier">Top/News/New York and Region</classifier>
        <classifier class="online_producer" type="taxonomic_classifier">Top/News/Corrections</classifier>
        <classifier class="online_producer" type="taxonomic_classifier">Top/Features/Travel/Guides/Destinations/North America</classifier>
        <classifier class="online_producer" type="taxonomic_classifier">Top/Features/Travel/Guides/Destinations/North America/United States</classifier>
        <classifier class="online_producer" type="taxonomic_classifier">Top/Features/Travel/Guides/Destinations/North America/United States/Minnesota</classifier>
        <classifier class="online_producer" type="general_descriptor">Deaths (Obituaries)</classifier>
      </identified-content>
    </docdata>
    <pubdata date.publication="20001014T000000" ex-ref="http://query.nytimes.com/gst/fullpage.html?res=9F0CE3DF103FF937A25753C1A9669C8B63" item-length="43" name="The New York Times" unit-of-measure="word"/>
  </head>
  <body>
    <body.head>
      <hedline>
        <hl1>Corrections</hl1>
      </hedline>
      <abstract>
        <p>Correction of Oct 11 obituary of Rep Bruce F Vento, which misstated date of one of his last major votes</p>
      </abstract>
    </body.head>
    <body.content>
      <block class="lead_paragraph">
        <p>Because of an editing error, an obituary of Representative Bruce F. Vento of Minnesota on Wednesday  misstated the date of one of his last major votes, opposing normal trade relations with China. It was May 24, not May 2.</p>
      </block>
      <block class="full_text">
        <p>Because of an editing error, an obituary of Representative Bruce F. Vento of Minnesota on Wednesday  misstated the date of one of his last major votes, opposing normal trade relations with China. It was May 24, not May 2.</p>
      </block>
    </body.content>
  </body>
</nitf>
