<?xml version="1.0" encoding="UTF-8"?>
<!DOCTYPE nitf SYSTEM "http://www.nitf.org/IPTC/NITF/3.3/specification/dtd/nitf-3-3.dtd">
<nitf change.date="June 10, 2005" change.time="19:30" version="-//IPTC//DTD NITF 3.3//EN">
  <head>
    <title>Corrections</title>
    <meta content="COR235512" name="slug"/>
    <meta content="18" name="publication_day_of_month"/>
    <meta content="2" name="publication_month"/>
    <meta content="2001" name="publication_year"/>
    <meta content="Sunday" name="publication_day_of_week"/>
    <meta content="Money and Business/Financial Desk" name="dsk"/>
    <meta content="2" name="print_page_number"/>
    <meta content="3" name="print_section"/>
    <meta content="3" name="print_column"/>
    <meta content="Corrections; Business" name="online_sections"/>
    <docdata>
      <doc-id id-string="1271839"/>
      <doc.copyright holder="The New York Times" year="2001"/>
      <identified-content>
        <classifier class="indexing_service" type="descriptor">Stocks and Bonds</classifier>
        <classifier class="indexing_service" type="descriptor">Correction Stories</classifier>
        <classifier class="online_producer" type="types_of_material">Correction</classifier>
        <classifier class="online_producer" type="taxonomic_classifier">Top/News/Business</classifier>
        <classifier class="online_producer" type="taxonomic_classifier">Top/News/Corrections</classifier>
        <classifier class="online_producer" type="general_descriptor">Stocks and Bonds</classifier>
        <classifier class="online_producer" type="general_descriptor">Finances</classifier>
      </identified-content>
    </docdata>
    <pubdata date.publication="20010218T000000" ex-ref="http://query.nytimes.com/gst/fullpage.html?res=9B01EFDA1030F93BA25751C0A9679C8B63" item-length="96" name="The New York Times" unit-of-measure="word"/>
  </head>
  <body>
    <body.head>
      <hedline>
        <hl1>Corrections</hl1>
      </hedline>
      <abstract>
        <p>Correction of Feb 11 article on sale of corporate bonds to individual investors</p>
      </abstract>
    </body.head>
    <body.content>
      <block class="lead_paragraph">
        <p>A brief report in the Diary column on the Investing page last Sunday about the sale of corporate bonds to individual investors mistated the name of an investment bank in Chicago that is selling them. It is Incapital, not Intercapital.</p>
      </block>
      <block class="full_text">
        <p>A brief report in the Diary column on the Investing page last Sunday about the sale of corporate bonds to individual investors mistated the name of an investment bank in Chicago that is selling them. It is Incapital, not Intercapital.</p>
      </block>
    </body.content>
  </body>
</nitf>
