<?xml version="1.0" encoding="UTF-8"?>
<!DOCTYPE nitf SYSTEM "http://www.nitf.org/IPTC/NITF/3.3/specification/dtd/nitf-3-3.dtd">
<nitf change.date="June 10, 2005" change.time="19:30" version="-//IPTC//DTD NITF 3.3//EN">
  <head>
    <title>The Mitchell Report: A Careful Mandate</title>
    <meta content="LTR222703" name="slug"/>
    <meta content="24" name="publication_day_of_month"/>
    <meta content="5" name="publication_month"/>
    <meta content="2001" name="publication_year"/>
    <meta content="Thursday" name="publication_day_of_week"/>
    <meta content="Editorial Desk" name="dsk"/>
    <meta content="28" name="print_page_number"/>
    <meta content="A" name="print_section"/>
    <meta content="6" name="print_column"/>
    <meta content="Opinion" name="online_sections"/>
    <docdata>
      <doc-id id-string="1296017"/>
      <doc.copyright holder="The New York Times" year="2001"/>
      <identified-content>
        <classifier class="indexing_service" type="descriptor">Palestinians</classifier>
        <location class="indexing_service">Israel</location>
        <org class="indexing_service">Labor Zionist Alliance</org>
        <person class="indexing_service">Mallow, Jeffry V</person>
        <classifier class="online_producer" type="types_of_material">Letter</classifier>
        <classifier class="online_producer" type="taxonomic_classifier">Top/Opinion/Opinion/Letters</classifier>
        <classifier class="online_producer" type="taxonomic_classifier">Top/Opinion</classifier>
        <classifier class="online_producer" type="taxonomic_classifier">Top/Opinion/Opinion</classifier>
        <classifier class="online_producer" type="taxonomic_classifier">Top/Features/Travel/Guides/Destinations/Middle East</classifier>
        <classifier class="online_producer" type="taxonomic_classifier">Top/Features/Travel/Guides/Destinations/Middle East/Palestinian Authority</classifier>
        <classifier class="online_producer" type="taxonomic_classifier">Top/Features/Travel/Guides/Destinations/Middle East/Israel</classifier>
        <classifier class="online_producer" type="general_descriptor">Palestinians</classifier>
      </identified-content>
    </docdata>
    <pubdata date.publication="20010524T000000" ex-ref="http://query.nytimes.com/gst/fullpage.html?res=9C0DEFDF113DF937A15756C0A9679C8B63" item-length="203" name="The New York Times" unit-of-measure="word"/>
  </head>
  <body>
    <body.head>
      <hedline>
        <hl1>The Mitchell Report: A Careful Mandate</hl1>
      </hedline>
      <abstract>
        <p>Jeffry V Mallow (Labor Zionist Alliance) letter on May 22 Thomas L Friedman column opposes further expansion of Israeli settlements</p>
      </abstract>
    </body.head>
    <body.content>
      <block class="lead_paragraph">
        <p>To the Editor:</p>
        <p>Thomas L. Friedman (column, May 22) provides an excellent analysis of the bloodshed between Israel and the Palestinians. I contest only  his statement that the inability of American Jewish leaders to speak out against settlement expansion ''is a blot'' on them, among others. Not all of them.</p>
      </block>
      <block class="full_text">
        <p>To the Editor:</p>
        <p>Thomas L. Friedman (column, May 22) provides an excellent analysis of the bloodshed between Israel and the Palestinians. I contest only  his statement that the inability of American Jewish leaders to speak out against settlement expansion ''is a blot'' on them, among others. Not all of them.</p>
        <p>Here is the official statement of the Labor Zionist Alliance, released earlier this month: ''We oppose the further establishment or expansion of settlements in the territories. This policy has proved to be a major obstacle to peace. It does not have the support of the majority of the Israeli population, and has provided constant ammunition for Palestinian rejectionists.''</p>
        <p>It is unfortunate that our voices and those of our allies in the Zionist peace camp are often drowned out by the din of the irredentists, Jewish and Palestinian.</p>
        <p>JEFFRY V. MALLOW  Evanston, Ill., May 22, 2001</p>
        <p>The writer is president of the Labor Zionist Alliance.</p>
      </block>
    </body.content>
  </body>
</nitf>
