<?xml version="1.0" encoding="UTF-8"?>
<!DOCTYPE nitf SYSTEM "http://www.nitf.org/IPTC/NITF/3.3/specification/dtd/nitf-3-3.dtd">
<nitf change.date="June 10, 2005" change.time="19:30" version="-//IPTC//DTD NITF 3.3//EN">
  <head>
    <title>Paid Notice: Deaths  MAGAZINE, JAY</title>
    <meta content="DN092101" name="slug"/>
    <meta content="21" name="publication_day_of_month"/>
    <meta content="9" name="publication_month"/>
    <meta content="2001" name="publication_year"/>
    <meta content="Friday" name="publication_day_of_week"/>
    <meta content="Classified" name="dsk"/>
    <meta content="14" name="print_page_number"/>
    <meta content="C" name="print_section"/>
    <meta content="1" name="print_column"/>
    <meta content="Paid Death Notices" name="online_sections"/>
    <docdata>
      <doc-id id-string="1326930"/>
      <doc.copyright holder="The New York Times" year="2001"/>
      <identified-content>
        <person class="indexing_service">MAGAZINE, JAY</person>
        <classifier class="online_producer" type="types_of_material">Paid Death Notice</classifier>
        <classifier class="online_producer" type="taxonomic_classifier">Top/Classifieds/Paid Death Notices</classifier>
      </identified-content>
    </docdata>
    <pubdata date.publication="20010921T000000" ex-ref="http://query.nytimes.com/gst/fullpage.html?res=9A06E6D91E3BF932A1575AC0A9679C8B63" item-length="46" name="The New York Times" unit-of-measure="word"/>
  </head>
  <body>
    <body.head>
      <hedline>
        <hl1>Paid Notice: Deaths  MAGAZINE, JAY</hl1>
      </hedline>
    </body.head>
    <body.content>
      <block class="lead_paragraph">
        <p>MAGAZINE-Jay. Beloved husband of Susan. Adoring father of Melissa and Andrew. Dear brother of Sarrea and Paul Layton, Michele Magazine, loving son-inlaw of Helen and Lou Anisman, brother-in-law of Lee Anisman. Memorial Service Friday, 10 AM at Stephen Wise Free Synagogue, 30 West 68th Street, NYC.</p>
      </block>
      <block class="full_text">
        <p>MAGAZINE-Jay. Beloved husband of Susan. Adoring father of Melissa and Andrew. Dear brother of Sarrea and Paul Layton, Michele Magazine, loving son-inlaw of Helen and Lou Anisman, brother-in-law of Lee Anisman. Memorial Service Friday, 10 AM at Stephen Wise Free Synagogue, 30 West 68th Street, NYC.</p>
      </block>
    </body.content>
  </body>
</nitf>
