<?xml version="1.0" encoding="UTF-8"?>
<!DOCTYPE nitf SYSTEM "http://www.nitf.org/IPTC/NITF/3.3/specification/dtd/nitf-3-3.dtd">
<nitf change.date="June 10, 2005" change.time="19:30" version="-//IPTC//DTD NITF 3.3//EN">
  <head>
    <title>Love in the 21st Century</title>
    <meta content="LTR101747" name="slug"/>
    <meta content="4" name="publication_day_of_month"/>
    <meta content="11" name="publication_month"/>
    <meta content="2001" name="publication_year"/>
    <meta content="Sunday" name="publication_day_of_week"/>
    <meta content="Magazine Desk" name="dsk"/>
    <meta content="6" name="print_page_number"/>
    <meta content="6" name="print_section"/>
    <meta content="4" name="print_column"/>
    <meta content="Magazine; Opinion" name="online_sections"/>
    <docdata>
      <doc-id id-string="1339954"/>
      <doc.copyright holder="The New York Times" year="2001"/>
      <identified-content>
        <classifier class="indexing_service" type="descriptor">Marriages</classifier>
        <classifier class="indexing_service" type="descriptor">Love (Emotion)</classifier>
        <classifier class="indexing_service" type="descriptor">Children and Youth</classifier>
        <person class="indexing_service">dubin, joyce</person>
        <classifier class="online_producer" type="types_of_material">Letter</classifier>
        <classifier class="online_producer" type="taxonomic_classifier">Top/Features/Magazine</classifier>
        <classifier class="online_producer" type="taxonomic_classifier">Top/Opinion</classifier>
        <classifier class="online_producer" type="taxonomic_classifier">Top/Opinion/Opinion</classifier>
        <classifier class="online_producer" type="taxonomic_classifier">Top/Features/Travel/Guides/Activities and Interests/Family</classifier>
        <classifier class="online_producer" type="general_descriptor">Emotions</classifier>
        <classifier class="online_producer" type="general_descriptor">Marriages</classifier>
        <classifier class="online_producer" type="general_descriptor">Children and Youth</classifier>
      </identified-content>
    </docdata>
    <pubdata date.publication="20011104T000000" ex-ref="http://query.nytimes.com/gst/fullpage.html?res=940CE0D71430F937A35752C1A9679C8B63" item-length="68" name="The New York Times" unit-of-measure="word"/>
  </head>
  <body>
    <body.head>
      <hedline>
        <hl1>Love in the 21st Century</hl1>
      </hedline>
      <abstract>
        <p>Joyce Dubin letter questions absense of teenagers in Oct 21 issue on Love in 21st Century</p>
      </abstract>
    </body.head>
    <body.content>
      <block class="lead_paragraph">
        <p>As a young woman of 17, I eagerly read your couples issue from cover to cover. It was intriguing and offered many ideas about love today. There were articles on love and relationships about 30-something singles who identify with ''tribes,'' children who ''married'' at 5 and Hy Kaplan, who keeps on dancing at 93. But I noticed an important omission: teenagers.</p>
        <p>Joyce Dubin  Charlotte, N.C.</p>
      </block>
      <block class="full_text">
        <p>As a young woman of 17, I eagerly read your couples issue from cover to cover. It was intriguing and offered many ideas about love today. There were articles on love and relationships about 30-something singles who identify with ''tribes,'' children who ''married'' at 5 and Hy Kaplan, who keeps on dancing at 93. But I noticed an important omission: teenagers.</p>
        <p>Joyce Dubin  Charlotte, N.C.</p>
      </block>
    </body.content>
  </body>
</nitf>
