<?xml version="1.0" encoding="UTF-8"?>
<!DOCTYPE nitf SYSTEM "http://www.nitf.org/IPTC/NITF/3.3/specification/dtd/nitf-3-3.dtd">
<nitf change.date="June 10, 2005" change.time="19:30" version="-//IPTC//DTD NITF 3.3//EN">
  <head>
    <title>Paid Notice: Deaths  ZELMAN, ROBERT</title>
    <meta content="DN111101" name="slug"/>
    <meta content="11" name="publication_day_of_month"/>
    <meta content="11" name="publication_month"/>
    <meta content="2001" name="publication_year"/>
    <meta content="Sunday" name="publication_day_of_week"/>
    <meta content="Classified" name="dsk"/>
    <meta content="48" name="print_page_number"/>
    <meta content="A" name="print_section"/>
    <meta content="1" name="print_column"/>
    <meta content="Paid Death Notices" name="online_sections"/>
    <docdata>
      <doc-id id-string="1342251"/>
      <doc.copyright holder="The New York Times" year="2001"/>
      <identified-content>
        <person class="indexing_service">ZELMAN, ROBERT</person>
        <classifier class="online_producer" type="types_of_material">Paid Death Notice</classifier>
        <classifier class="online_producer" type="taxonomic_classifier">Top/Classifieds/Paid Death Notices</classifier>
      </identified-content>
    </docdata>
    <pubdata date.publication="20011111T000000" ex-ref="http://query.nytimes.com/gst/fullpage.html?res=9B01E0DC1130F932A25752C1A9679C8B63" item-length="26" name="The New York Times" unit-of-measure="word"/>
  </head>
  <body>
    <body.head>
      <hedline>
        <hl1>Paid Notice: Deaths  ZELMAN, ROBERT</hl1>
      </hedline>
    </body.head>
    <body.content>
      <block class="lead_paragraph">
        <p>ZELMAN-Robert. On October 28. Loving husband of Rose. Father of Lois and Eric S. Weiss. Grandfather of Gabe, Mona, Bradley. Brother of Rose Davis &amp; Sidney.</p>
      </block>
      <block class="full_text">
        <p>ZELMAN-Robert. On October 28. Loving husband of Rose. Father of Lois and Eric S. Weiss. Grandfather of Gabe, Mona, Bradley. Brother of Rose Davis &amp; Sidney.</p>
      </block>
    </body.content>
  </body>
</nitf>
