<?xml version="1.0" encoding="UTF-8"?>
<!DOCTYPE nitf SYSTEM "http://www.nitf.org/IPTC/NITF/3.3/specification/dtd/nitf-3-3.dtd">
<nitf change.date="June 10, 2005" change.time="19:30" version="-//IPTC//DTD NITF 3.3//EN">
  <head>
    <title>Paid Notice: Memorials  MARAN, FRIEDA</title>
    <meta content="DN121501" name="slug"/>
    <meta content="15" name="publication_day_of_month"/>
    <meta content="12" name="publication_month"/>
    <meta content="2001" name="publication_year"/>
    <meta content="Saturday" name="publication_day_of_week"/>
    <meta content="Classified" name="dsk"/>
    <meta content="16" name="print_page_number"/>
    <meta content="C" name="print_section"/>
    <meta content="1" name="print_column"/>
    <meta content="Paid Death Notices" name="online_sections"/>
    <docdata>
      <doc-id id-string="1351606"/>
      <doc.copyright holder="The New York Times" year="2001"/>
      <identified-content>
        <person class="indexing_service">MARAN, FRIEDA</person>
        <classifier class="online_producer" type="types_of_material">Paid Memorial Notice</classifier>
        <classifier class="online_producer" type="taxonomic_classifier">Top/Classifieds/Paid Death Notices</classifier>
      </identified-content>
    </docdata>
    <pubdata date.publication="20011215T000000" ex-ref="http://query.nytimes.com/gst/fullpage.html?res=9E01E0DE1F3FF936A25751C1A9679C8B63" item-length="33" name="The New York Times" unit-of-measure="word"/>
  </head>
  <body>
    <body.head>
      <hedline>
        <hl1>Paid Notice: Memorials  MARAN, FRIEDA</hl1>
      </hedline>
    </body.head>
    <body.content>
      <block class="lead_paragraph">
        <p>MARAN-Frieda. We love you and miss you and hope you're having a wonderful time with Murray, Susie and all the rest of the family that are no longer here. Larry, Andy and Caroline</p>
      </block>
      <block class="full_text">
        <p>MARAN-Frieda. We love you and miss you and hope you're having a wonderful time with Murray, Susie and all the rest of the family that are no longer here. Larry, Andy and Caroline</p>
      </block>
    </body.content>
  </body>
</nitf>
