<?xml version="1.0" encoding="UTF-8"?>
<!DOCTYPE nitf SYSTEM "http://www.nitf.org/IPTC/NITF/3.3/specification/dtd/nitf-3-3.dtd">
<nitf change.date="June 10, 2005" change.time="19:30" version="-//IPTC//DTD NITF 3.3//EN">
  <head>
    <title>Ontario Trims Plan for a Privatization</title>
    <meta content="Y13POW$03" name="slug"/>
    <meta content="13" name="publication_day_of_month"/>
    <meta content="6" name="publication_month"/>
    <meta content="2002" name="publication_year"/>
    <meta content="Thursday" name="publication_day_of_week"/>
    <meta content="Business/Financial Desk" name="dsk"/>
    <meta content="12" name="print_page_number"/>
    <meta content="C" name="print_section"/>
    <meta content="3" name="print_column"/>
    <meta content="Business" name="online_sections"/>
    <meta content="http://www.nytimes.com/2002/06/13/business/worldbusiness/13POWE.html" name="alternate_url"/>
    <docdata>
      <doc-id id-string="1400202"/>
      <doc.copyright holder="The New York Times" year="2002"/>
      <identified-content>
        <classifier class="indexing_service" type="descriptor">Electric Light and Power</classifier>
        <classifier class="indexing_service" type="descriptor">Privatization</classifier>
        <classifier class="indexing_service" type="descriptor">Mergers, Acquisitions and Divestitures</classifier>
        <location class="indexing_service">Canada</location>
        <location class="indexing_service">Ontario (Canada)</location>
        <org class="indexing_service">Hydro One Inc</org>
        <classifier class="online_producer" type="taxonomic_classifier">Top/News/Business</classifier>
        <classifier class="online_producer" type="taxonomic_classifier">Top/News/World/Countries and Territories/Canada</classifier>
        <classifier class="online_producer" type="taxonomic_classifier">Top/News</classifier>
        <classifier class="online_producer" type="taxonomic_classifier">Top/News/World/Americas</classifier>
        <classifier class="online_producer" type="taxonomic_classifier">Top/Features/Travel/Guides/Destinations/North America</classifier>
        <classifier class="online_producer" type="taxonomic_classifier">Top/Features/Travel/Guides/Destinations/North America/Canada</classifier>
        <classifier class="online_producer" type="taxonomic_classifier">Top/Features/Travel/Guides/Destinations/North America/Canada/Ontario</classifier>
        <classifier class="online_producer" type="descriptor">Energy and Power</classifier>
        <classifier class="online_producer" type="general_descriptor">Privatization</classifier>
        <classifier class="online_producer" type="general_descriptor">Mergers, Acquisitions and Divestitures</classifier>
        <classifier class="online_producer" type="general_descriptor">Light</classifier>
        <classifier class="online_producer" type="general_descriptor">Electric Light and Power</classifier>
        <classifier class="online_producer" type="general_descriptor">Energy and Power</classifier>
        <classifier class="online_producer" type="general_descriptor">Finances</classifier>
        <classifier class="online_producer" type="general_descriptor">Politics and Government</classifier>
        <location class="online_producer">Canada</location>
        <org class="online_producer">Hydro One Incorporated</org>
      </identified-content>
    </docdata>
    <pubdata date.publication="20020613T000000" ex-ref="http://query.nytimes.com/gst/fullpage.html?res=9C06EEDE143CF930A25755C0A9649C8B63" item-length="158" name="The New York Times" unit-of-measure="word"/>
  </head>
  <body>
    <body.head>
      <hedline>
        <hl1>Ontario Trims Plan for a Privatization</hl1>
        <hl2 class="online_headline">Ontario Trims Plan for a Privatization</hl2>
      </hedline>
      <dateline>TORONTO, June 12</dateline>
      <abstract>
        <p>Ontario's conservative government backtracks on plans for total privatization of Hydro One Inc, province's dominant power-distribution company; province will retain stake of at least 51 percent; government is still considering selling up to 49 percent, or it may set up income trust (S)</p>
      </abstract>
    </body.head>
    <body.content>
      <block class="lead_paragraph">
        <p>Ontario's conservative government backtracked today on plans for the total privatization of Hydro One Inc., the province's dominant power-distribution company.</p>
        <p>The privatization, which was originally scheduled to take place this month through a public stock offering, would have been the biggest in Canadian history, with a value of about 5.5 billion Canadian dollars ($3.6 billion). BMO Nesbitt Burns Inc., RBC Dominion Securities Inc. and Goldman, Sachs were named earlier as the lead underwriters.</p>
      </block>
      <block class="online_lead_paragraph">
        <p>Ontario's conservative government backtracked on plans for the total privatization of Hydro One, the province's dominant power-distribution company.</p>
      </block>
      <block class="full_text">
        <p>Ontario's conservative government backtracked today on plans for the total privatization of Hydro One Inc., the province's dominant power-distribution company.</p>
        <p>The privatization, which was originally scheduled to take place this month through a public stock offering, would have been the biggest in Canadian history, with a value of about 5.5 billion Canadian dollars ($3.6 billion). BMO Nesbitt Burns Inc., RBC Dominion Securities Inc. and Goldman, Sachs were named earlier as the lead underwriters.</p>
        <p>Ernie Eves, who took over as the province's premier last month, said the province would retain a stake of at least 51 percent in Hydro One. The government is still considering selling up to 49 percent, or it may set up an income trust, he said.</p>
        <p>In April, the government's opponents successfully petitioned a court to stall Hydro One's planned privatization.</p>
      </block>
    </body.content>
  </body>
</nitf>
