<?xml version="1.0" encoding="UTF-8"?>
<!DOCTYPE nitf SYSTEM "http://www.nitf.org/IPTC/NITF/3.3/specification/dtd/nitf-3-3.dtd">
<nitf change.date="June 10, 2005" change.time="19:30" version="-//IPTC//DTD NITF 3.3//EN">
  <head>
    <title>Paid Notice: Deaths  DAVNER, ESTA</title>
    <meta content="DN031503" name="slug"/>
    <meta content="15" name="publication_day_of_month"/>
    <meta content="3" name="publication_month"/>
    <meta content="2003" name="publication_year"/>
    <meta content="Saturday" name="publication_day_of_week"/>
    <meta content="Classified" name="dsk"/>
    <meta content="7" name="print_page_number"/>
    <meta content="B" name="print_section"/>
    <meta content="3" name="print_column"/>
    <meta content="Paid Death Notices" name="online_sections"/>
    <docdata>
      <doc-id id-string="1472539"/>
      <doc.copyright holder="The New York Times" year="2003"/>
      <identified-content>
        <person class="indexing_service">DAVNER, ESTA</person>
        <classifier class="online_producer" type="types_of_material">Paid Death Notice</classifier>
        <classifier class="online_producer" type="taxonomic_classifier">Top/Classifieds/Paid Death Notices</classifier>
      </identified-content>
    </docdata>
    <pubdata date.publication="20030315T000000" ex-ref="http://query.nytimes.com/gst/fullpage.html?res=9C0CE0DD1F3EF936A25750C0A9659C8B63" item-length="47" name="The New York Times" unit-of-measure="word"/>
  </head>
  <body>
    <body.head>
      <hedline>
        <hl1>Paid Notice: Deaths  DAVNER, ESTA</hl1>
      </hedline>
    </body.head>
    <body.content>
      <block class="lead_paragraph">
        <p>DAVNER-Esta. The partners, associates and staff of McAloon &amp; Friedman acknowledge with profound sorrow the passing of Esta Davner, beloved sister of our Senior and Founding Partner, Stanley Friedman. We extend our deepest sympathy to her husband Alvin, her sons Paul and Arthur and her entire family.</p>
      </block>
      <block class="full_text">
        <p>DAVNER-Esta. The partners, associates and staff of McAloon &amp; Friedman acknowledge with profound sorrow the passing of Esta Davner, beloved sister of our Senior and Founding Partner, Stanley Friedman. We extend our deepest sympathy to her husband Alvin, her sons Paul and Arthur and her entire family.</p>
      </block>
    </body.content>
  </body>
</nitf>
