<?xml version="1.0" encoding="UTF-8"?>
<!DOCTYPE nitf SYSTEM "http://www.nitf.org/IPTC/NITF/3.3/specification/dtd/nitf-3-3.dtd">
<nitf change.date="June 10, 2005" change.time="19:30" version="-//IPTC//DTD NITF 3.3//EN">
  <head>
    <title>Life's Creatures Glow Until Violence Darkens</title>
    <meta content="05HUKK$01" name="slug"/>
    <meta content="5" name="publication_day_of_month"/>
    <meta content="4" name="publication_month"/>
    <meta content="2003" name="publication_year"/>
    <meta content="Saturday" name="publication_day_of_week"/>
    <meta content="Arts &amp; Ideas/Cultural Desk" name="dsk"/>
    <meta content="16" name="print_page_number"/>
    <meta content="D" name="print_section"/>
    <meta content="5" name="print_column"/>
    <meta content="Movies; Arts" name="online_sections"/>
    <meta content="http://www.nytimes.com/2003/04/05/movies/05HUKK.html" name="alternate_url"/>
    <docdata>
      <doc-id id-string="1478142"/>
      <doc.copyright holder="The New York Times" year="2003"/>
      <series series.name="FILM FESTIVAL REVIEWS"/>
      <identified-content>
        <classifier class="indexing_service" type="descriptor">Motion Pictures</classifier>
        <classifier class="indexing_service" type="descriptor">Reviews</classifier>
        <classifier class="indexing_service" type="descriptor">New Directors/new Films (Festival)</classifier>
        <person class="indexing_service">Holden, Stephen</person>
        <person class="indexing_service">Palfi, Gyorgi</person>
        <object.title class="indexing_service">Hukkle (Movie)</object.title>
        <classifier class="online_producer" type="types_of_material">Review</classifier>
        <classifier class="online_producer" type="taxonomic_classifier">Top/News</classifier>
        <classifier class="online_producer" type="taxonomic_classifier">Top/Features/Arts</classifier>
        <classifier class="online_producer" type="taxonomic_classifier">Top/Features/Movies/Reviews</classifier>
        <classifier class="online_producer" type="taxonomic_classifier">Top/Features/Movies/Reviews/By Stephen Holden</classifier>
        <classifier class="online_producer" type="taxonomic_classifier">Top/Features/Movies</classifier>
        <classifier class="online_producer" type="descriptor">Motion Pictures</classifier>
        <classifier class="online_producer" type="general_descriptor">Motion Pictures</classifier>
        <classifier class="online_producer" type="general_descriptor">Festivals</classifier>
        <object.title class="online_producer">Hukkle (Movie)</object.title>
      </identified-content>
    </docdata>
    <pubdata date.publication="20030405T000000" ex-ref="http://query.nytimes.com/gst/fullpage.html?res=9800EFDC1438F936A35757C0A9659C8B63" item-length="739" name="The New York Times" unit-of-measure="word"/>
  </head>
  <body>
    <body.head>
      <hedline>
        <hl1>Life's Creatures Glow Until Violence Darkens</hl1>
        <hl2 class="online_headline">Lifes Creatures Glow Until Violence Darkens</hl2>
      </hedline>
      <byline class="print_byline">By STEPHEN HOLDEN</byline>
      <byline class="normalized_byline">Holden, Stephen</byline>
      <abstract>
        <p>Stephen Holden reviews Hukkle, Gyorgi Palfi movie being shown in New Directors/New Films series; photo (M)</p>
      </abstract>
    </body.head>
    <body.content>
      <block class="lead_paragraph">
        <p>There are more ways than one to view ''Hukkle,'' the luminous directorial debut of Gyorgi Palfi, a Hungarian filmmaker whose intensified, child's-eye apprehension of the natural world might be described as psychedelic. If you're attracted to pure, exquisitely photographed cinematic depictions of the world, you could almost lie down in ''Hukkle'' as if it were a meadow and soak in its sun-drenched atmosphere.</p>
        <p>The film has hardly any spoken words, and except for a scene of a church chorus, the sounds humans make are treated as another manifestation of environmental noise on a teeming soundtrack. That soundtrack is a kind of pastoral symphony that lends the hum of the rural outdoors (with indoor sidetracks to a country kitchen and a sewing factory) a layered richness that seems three-dimensional.</p>
      </block>
      <block class="online_lead_paragraph">
        <p>If you enjoy the challenge of solving difficult mysteries, "Hukkle" presents a tantalizing case waiting to be cracked.</p>
      </block>
      <block class="full_text">
        <p>There are more ways than one to view ''Hukkle,'' the luminous directorial debut of Gyorgi Palfi, a Hungarian filmmaker whose intensified, child's-eye apprehension of the natural world might be described as psychedelic. If you're attracted to pure, exquisitely photographed cinematic depictions of the world, you could almost lie down in ''Hukkle'' as if it were a meadow and soak in its sun-drenched atmosphere.</p>
        <p>The film has hardly any spoken words, and except for a scene of a church chorus, the sounds humans make are treated as another manifestation of environmental noise on a teeming soundtrack. That soundtrack is a kind of pastoral symphony that lends the hum of the rural outdoors (with indoor sidetracks to a country kitchen and a sewing factory) a layered richness that seems three-dimensional.</p>
        <p>But as the movie builds up its bucolic vision, it also teases you with enigmatic clues to an actual murder in the rural Hungarian village where it takes place. You don't have to piece together these clues to be satisfied with the film, which New Directors/New Films is showing today and tomorrow. It works just fine as a sophisticated wildlife documentary with a submerged narrative. But if you enjoy the challenge of solving difficult mysteries, ''Hukkle'' presents a tantalizing case waiting to be cracked.</p>
        <p>The film's central figure is an old man who emerges from his shack by the side of a road and sits on a bench observing the rural traffic. This wizened sentinel, to whom the movie returns again and again, remains silent except for a prolonged case of the hiccups, whose sounds (the movie's title is a pun on ''hiccup'') supply witty, deflating punctuation.</p>
        <p>''Hukkle'' portrays this solitary figure, as well the other people in the film, as creatures who are not much different from the insects, fish, farm animals and domestic pets surrounding them. The director's vision has much in common with the dour cinematic portraits of Gallic small-town life drawn by the French director Bruno Dumont, but he carries the same surreal impulse much further. By paying as close attention to the activities of bees, ants, cats and moles (photographed in extreme close-up) as he pays to humans, he insinuates a radically skewed vision of the food chain in which all species are interconnected and equal in life and death.</p>
        <p>One theme of the film is the agricultural process that puts food on people's tables. Sequences observe grain being harvested and turned into flour, beekeeping and the gathering of honey. A frog is swallowed by a fish, which in turn is caught by a fisherman. These commonplace activities wouldn't be worth recording if they weren't enthrallingly photographed (by Gergely Poharnok) with an eye that marvels at the vibrancy of matter itself.</p>
        <p>As the film goes along, its tone darkens. A kitten frolicking in a field suddenly keels over dead, perhaps from accidental poisoning. A honeybee held between two fingers is crushed to death.</p>
        <p>By the end of ''Hukkle,'' the images of violence and predation have erased the mood of benignity, and the rumbling bass notes of this pastoral symphony evoke a sustained moan of despair.</p>
        <p>HUKKLE  Written (in Hungarian, with English subtitles) and directed by Gyorgy Palfi; director of photography, Gergely Poharnok; edited by Gabor Marinkas; music by Balazs Barna and Samu Gryllus; produced by Csava Bereczki and Andras Bohm; released by Shadow Distribution. Running time: 75 minutes. This film is not rated. Shown with a 14-minute short, Stefan Arsenijevic's ''(A) Torsion,'' today at 1 p.m. and Sunday at 9 p.m. at the MoMA Gramercy, 127 East 23rd Street, between Lexington and Third Avenues, as part of the 32nd New Directors/New Films series of the Film Society of Lincoln Center and the department of film and media of the Museum of Modern Art.</p>
        <p>WITH: Ferenc Bandi (Cseklik Bacsi), Jozsefne Racz (Midwife), Jozsef Forkas (Policeman), Ferenc Nagy (Beekeeper), Janosne Nagy (Boske) and Agi Margitai, Eszter Onodi and Atilla Kaszas (Relatives From Town).</p>
        <p>FILM FESTIVAL REVIEWS</p>
      </block>
    </body.content>
  </body>
</nitf>
