<?xml version="1.0" encoding="UTF-8"?>
<!DOCTYPE nitf SYSTEM "http://www.nitf.org/IPTC/NITF/3.3/specification/dtd/nitf-3-3.dtd">
<nitf change.date="June 10, 2005" change.time="19:30" version="-//IPTC//DTD NITF 3.3//EN">
  <head>
    <title>It's as Light as Air, but Tastier</title>
    <meta content="09ZABA$01" name="slug"/>
    <meta content="9" name="publication_day_of_month"/>
    <meta content="4" name="publication_month"/>
    <meta content="2003" name="publication_year"/>
    <meta content="Wednesday" name="publication_day_of_week"/>
    <meta content="Dining In, Dining Out/Style Desk" name="dsk"/>
    <meta content="2" name="print_page_number"/>
    <meta content="F" name="print_section"/>
    <meta content="3" name="print_column"/>
    <meta content="Dining and Wine; Style" name="online_sections"/>
    <docdata>
      <doc-id id-string="1479275"/>
      <doc.copyright holder="The New York Times" year="2003"/>
      <series series.name="FOOD STUFF"/>
      <identified-content>
        <classifier class="indexing_service" type="descriptor">Food</classifier>
        <classifier class="indexing_service" type="descriptor">Passover</classifier>
        <classifier class="indexing_service" type="descriptor">Desserts</classifier>
        <classifier class="indexing_service" type="descriptor">Kosher Foods</classifier>
        <org class="indexing_service">Shallots NY</org>
        <person class="indexing_service">Fabricant, Florence</person>
        <classifier class="online_producer" type="taxonomic_classifier">Top/Features/Travel/Guides/Activities and Interests/Food and Wine</classifier>
        <classifier class="online_producer" type="taxonomic_classifier">Top/Features/Dining and Wine</classifier>
        <classifier class="online_producer" type="taxonomic_classifier">Top/Features/Dining and Wine/Columns/Food Stuff</classifier>
        <classifier class="online_producer" type="taxonomic_classifier">Top/Features/Style</classifier>
        <classifier class="online_producer" type="general_descriptor">Desserts</classifier>
        <classifier class="online_producer" type="general_descriptor">Passover</classifier>
        <classifier class="online_producer" type="general_descriptor">Passover</classifier>
        <classifier class="online_producer" type="general_descriptor">Kosher Foods</classifier>
        <classifier class="online_producer" type="general_descriptor">Jews</classifier>
        <classifier class="online_producer" type="general_descriptor">Food</classifier>
        <classifier class="online_producer" type="general_descriptor">Holidays and Special Occasions</classifier>
        <classifier class="online_producer" type="general_descriptor">Religion and Churches</classifier>
      </identified-content>
    </docdata>
    <pubdata date.publication="20030409T000000" ex-ref="http://query.nytimes.com/gst/fullpage.html?res=9D01E3D61338F93AA35757C0A9659C8B63" item-length="218" name="The New York Times" unit-of-measure="word"/>
  </head>
  <body>
    <body.head>
      <hedline>
        <hl1>It's as Light as Air, but Tastier</hl1>
      </hedline>
      <byline class="print_byline">By Florence Fabricant</byline>
      <byline class="normalized_byline">Fabricant, Florence</byline>
      <abstract>
        <p>Comment on zabaglione served at Shallots NY, kosher restaurant on Madison Avenue; photo (S)</p>
      </abstract>
    </body.head>
    <body.content>
      <block class="lead_paragraph">
        <p>A cloud of zabaglione is lovely to spoon over strawberries or a fruit compote and makes a great Passover dessert. At Shallots NY, a kosher restaurant at 550 Madison Avenue (55th Street), the chef, Damian Sansonetti, beats 4 egg yolks with 2 tablespoons superfine sugar and  1/4 cup of kosher Italian moscato, a delicately sweet wine. He places the bowl over a pot of simmering water and whisks the mixture, adding another  1/4 cup of the wine, for about 10 minutes, until soft peaks form. The zabaglione can be held for more than an hour if a scant teaspoon of potato starch is mixed with the sugar. For children, white grape juice can replace the wine. Serve layered with fruit in four pretty glasses or dessert dishes. Passover meringues would make an excellent accompaniment; Shallots NY sells them and other baked goods. Orders can be placed at www.shallotsny.com.</p>
      </block>
      <block class="full_text">
        <p>A cloud of zabaglione is lovely to spoon over strawberries or a fruit compote and makes a great Passover dessert. At Shallots NY, a kosher restaurant at 550 Madison Avenue (55th Street), the chef, Damian Sansonetti, beats 4 egg yolks with 2 tablespoons superfine sugar and  1/4 cup of kosher Italian moscato, a delicately sweet wine. He places the bowl over a pot of simmering water and whisks the mixture, adding another  1/4 cup of the wine, for about 10 minutes, until soft peaks form. The zabaglione can be held for more than an hour if a scant teaspoon of potato starch is mixed with the sugar. For children, white grape juice can replace the wine. Serve layered with fruit in four pretty glasses or dessert dishes. Passover meringues would make an excellent accompaniment; Shallots NY sells them and other baked goods. Orders can be placed at www.shallotsny.com.</p>
        <p>FOOD STUFF</p>
      </block>
    </body.content>
  </body>
</nitf>
