<?xml version="1.0" encoding="UTF-8"?>
<!DOCTYPE nitf SYSTEM "http://www.nitf.org/IPTC/NITF/3.3/specification/dtd/nitf-3-3.dtd">
<nitf change.date="June 10, 2005" change.time="19:30" version="-//IPTC//DTD NITF 3.3//EN">
  <head>
    <title>Paid Notice: Deaths   BAILEY, ALBERT LEE JR.</title>
    <meta content="DN092103" name="slug"/>
    <meta content="21" name="publication_day_of_month"/>
    <meta content="9" name="publication_month"/>
    <meta content="2003" name="publication_year"/>
    <meta content="Sunday" name="publication_day_of_week"/>
    <meta content="Classified" name="dsk"/>
    <meta content="39" name="print_page_number"/>
    <meta content="1" name="print_section"/>
    <meta content="3" name="print_column"/>
    <meta content="Paid Death Notices" name="online_sections"/>
    <docdata>
      <doc-id id-string="1521501"/>
      <doc.copyright holder="The New York Times" year="2003"/>
      <identified-content>
        <person class="indexing_service">BAILEY, ALBERT LEE JR.</person>
        <classifier class="online_producer" type="types_of_material">Paid Death Notice</classifier>
        <classifier class="online_producer" type="taxonomic_classifier">Top/Classifieds/Paid Death Notices</classifier>
      </identified-content>
    </docdata>
    <pubdata date.publication="20030921T000000" ex-ref="http://query.nytimes.com/gst/fullpage.html?res=9C01EFDF1E3AF932A1575AC0A9659C8B63" item-length="6" name="The New York Times" unit-of-measure="word"/>
  </head>
  <body>
    <body.head>
      <hedline>
        <hl1>Paid Notice: Deaths   BAILEY, ALBERT LEE JR.</hl1>
      </hedline>
    </body.head>
    <body.content>
      <block class="lead_paragraph">
        <p>BAILEY--Albert Lee Jr. Kane Lodge #</p>
      </block>
      <block class="full_text">
        <p>BAILEY--Albert Lee Jr. Kane Lodge #</p>
      </block>
    </body.content>
  </body>
</nitf>
