<?xml version="1.0" encoding="UTF-8"?>
<!DOCTYPE nitf SYSTEM "http://www.nitf.org/IPTC/NITF/3.3/specification/dtd/nitf-3-3.dtd">
<nitf change.date="June 10, 2005" change.time="19:30" version="-//IPTC//DTD NITF 3.3//EN">
  <head>
    <title>Paid Notice: Deaths   HALZEL, LEE ABRAMOWITZ</title>
    <meta content="DN121703" name="slug"/>
    <meta content="17" name="publication_day_of_month"/>
    <meta content="12" name="publication_month"/>
    <meta content="2003" name="publication_year"/>
    <meta content="Wednesday" name="publication_day_of_week"/>
    <meta content="Classified" name="dsk"/>
    <meta content="15" name="print_page_number"/>
    <meta content="C" name="print_section"/>
    <meta content="3" name="print_column"/>
    <meta content="Paid Death Notices" name="online_sections"/>
    <docdata>
      <doc-id id-string="1543973"/>
      <doc.copyright holder="The New York Times" year="2003"/>
      <identified-content>
        <person class="indexing_service">HALZEL, LEE ABRAMOWITZ</person>
        <classifier class="online_producer" type="types_of_material">Paid Death Notice</classifier>
        <classifier class="online_producer" type="taxonomic_classifier">Top/Classifieds/Paid Death Notices</classifier>
      </identified-content>
    </docdata>
    <pubdata date.publication="20031217T000000" ex-ref="http://query.nytimes.com/gst/fullpage.html?res=9901E5D81F3CF934A25751C1A9659C8B63" item-length="103" name="The New York Times" unit-of-measure="word"/>
  </head>
  <body>
    <body.head>
      <hedline>
        <hl1>Paid Notice: Deaths   HALZEL, LEE ABRAMOWITZ</hl1>
      </hedline>
    </body.head>
    <body.content>
      <block class="lead_paragraph">
        <p>HALZEL--Lee Abramowitz. The American Committee for the Weizmann Institute of Science (ACWIS) mourns the passing of Lee Abramowitz Halzel, a longtime devoted member of the ACWIS Board of Directors who made many visits to the Weizmann Institute in Israel. She was the benefactor of the Lee and William Abramowitz Chair in Macromolecular Biophysics with her late husband William Abramowitz. We extend our deepest heartfelt condolences to her children and the entire family. Robert B. Machinist, Chairman, American Committee Albert Willner, M.D., President Martin S. Kraar, Executive V.P. Stuart Eizenstat, Chairman Weizmann Institute of Science Prof. Ilan Chet, President Weizmann Institute of Science</p>
      </block>
      <block class="full_text">
        <p>HALZEL--Lee Abramowitz. The American Committee for the Weizmann Institute of Science (ACWIS) mourns the passing of Lee Abramowitz Halzel, a longtime devoted member of the ACWIS Board of Directors who made many visits to the Weizmann Institute in Israel. She was the benefactor of the Lee and William Abramowitz Chair in Macromolecular Biophysics with her late husband William Abramowitz. We extend our deepest heartfelt condolences to her children and the entire family. Robert B. Machinist, Chairman, American Committee Albert Willner, M.D., President Martin S. Kraar, Executive V.P. Stuart Eizenstat, Chairman Weizmann Institute of Science Prof. Ilan Chet, President Weizmann Institute of Science</p>
      </block>
    </body.content>
  </body>
</nitf>
