<?xml version="1.0" encoding="UTF-8"?>
<!DOCTYPE nitf SYSTEM "http://www.nitf.org/IPTC/NITF/3.3/specification/dtd/nitf-3-3.dtd">
<nitf change.date="June 10, 2005" change.time="19:30" version="-//IPTC//DTD NITF 3.3//EN">
  <head>
    <title>Paid Notice: Deaths   BERKULE, JACK</title>
    <meta content="DN091204" name="slug"/>
    <meta content="12" name="publication_day_of_month"/>
    <meta content="9" name="publication_month"/>
    <meta content="2004" name="publication_year"/>
    <meta content="Sunday" name="publication_day_of_week"/>
    <meta content="Classified" name="dsk"/>
    <meta content="42" name="print_page_number"/>
    <meta content="1" name="print_section"/>
    <meta content="3" name="print_column"/>
    <meta content="Paid Death Notices" name="online_sections"/>
    <docdata>
      <doc-id id-string="1611049"/>
      <doc.copyright holder="The New York Times" year="2004"/>
      <identified-content>
        <person class="indexing_service">BERKULE, JACK</person>
        <classifier class="online_producer" type="types_of_material">Paid Death Notice</classifier>
        <classifier class="online_producer" type="taxonomic_classifier">Top/Classifieds/Paid Death Notices</classifier>
      </identified-content>
    </docdata>
    <pubdata date.publication="20040912T000000" ex-ref="http://query.nytimes.com/gst/fullpage.html?res=9C04E3DD1330F931A2575AC0A9629C8B63" item-length="67" name="The New York Times" unit-of-measure="word"/>
  </head>
  <body>
    <body.head>
      <hedline>
        <hl1>Paid Notice: Deaths   BERKULE, JACK</hl1>
      </hedline>
    </body.head>
    <body.content>
      <block class="lead_paragraph">
        <p>BERKULE--Jack. The best father a family could ever wish for, thank you for being with us and guiding us with all your love and knowledge. You will always be in our hearts. Loving you every day forever. Barry, Patricia, Elizabeth Berkule</p>
        <p>BERKULE--Jack. To my dearest husband, the most loving, kind and, generous man, I'd every known. I will love you forever. Your loving wife, Lee</p>
      </block>
      <block class="full_text">
        <p>BERKULE--Jack. The best father a family could ever wish for, thank you for being with us and guiding us with all your love and knowledge. You will always be in our hearts. Loving you every day forever. Barry, Patricia, Elizabeth Berkule</p>
        <p>BERKULE--Jack. To my dearest husband, the most loving, kind and, generous man, I'd every known. I will love you forever. Your loving wife, Lee</p>
      </block>
    </body.content>
  </body>
</nitf>
