<?xml version="1.0" encoding="UTF-8"?>
<!DOCTYPE nitf SYSTEM "http://www.nitf.org/IPTC/NITF/3.3/specification/dtd/nitf-3-3.dtd">
<nitf change.date="June 10, 2005" change.time="19:30" version="-//IPTC//DTD NITF 3.3//EN">
  <head>
    <title>Paid Notice: Memorials   RUEGG, JACK R.</title>
    <meta content="DN092604" name="slug"/>
    <meta content="26" name="publication_day_of_month"/>
    <meta content="9" name="publication_month"/>
    <meta content="2004" name="publication_year"/>
    <meta content="Sunday" name="publication_day_of_week"/>
    <meta content="Classified" name="dsk"/>
    <meta content="45" name="print_page_number"/>
    <meta content="1" name="print_section"/>
    <meta content="1" name="print_column"/>
    <meta content="Paid Death Notices" name="online_sections"/>
    <docdata>
      <doc-id id-string="1614605"/>
      <doc.copyright holder="The New York Times" year="2004"/>
      <identified-content>
        <person class="indexing_service">RUEGG, JACK R.</person>
        <classifier class="online_producer" type="types_of_material">Paid Memorial Notice</classifier>
        <classifier class="online_producer" type="taxonomic_classifier">Top/Classifieds/Paid Death Notices</classifier>
      </identified-content>
    </docdata>
    <pubdata date.publication="20040926T000000" ex-ref="http://query.nytimes.com/gst/fullpage.html?res=9505E4D61F30F935A1575AC0A9629C8B63" item-length="16" name="The New York Times" unit-of-measure="word"/>
  </head>
  <body>
    <body.head>
      <hedline>
        <hl1>Paid Notice: Memorials   RUEGG, JACK R.</hl1>
      </hedline>
    </body.head>
    <body.content>
      <block class="lead_paragraph">
        <p>RUEGG--Jack R. Of Oregon and New York. 9/26/94. Remembered with love by family and friends.</p>
      </block>
      <block class="full_text">
        <p>RUEGG--Jack R. Of Oregon and New York. 9/26/94. Remembered with love by family and friends.</p>
      </block>
    </body.content>
  </body>
</nitf>
