<?xml version="1.0" encoding="UTF-8"?>
<!DOCTYPE nitf SYSTEM "http://www.nitf.org/IPTC/NITF/3.3/specification/dtd/nitf-3-3.dtd">
<nitf change.date="June 10, 2005" change.time="19:30" version="-//IPTC//DTD NITF 3.3//EN">
  <head>
    <title>Paid Notice: Deaths   ZAKIN, RITA (WEINSTEIN)</title>
    <meta content="DN102204" name="slug"/>
    <meta content="22" name="publication_day_of_month"/>
    <meta content="10" name="publication_month"/>
    <meta content="2004" name="publication_year"/>
    <meta content="Friday" name="publication_day_of_week"/>
    <meta content="Classified" name="dsk"/>
    <meta content="10" name="print_page_number"/>
    <meta content="B" name="print_section"/>
    <meta content="1" name="print_column"/>
    <meta content="Paid Death Notices" name="online_sections"/>
    <docdata>
      <doc-id id-string="1621261"/>
      <doc.copyright holder="The New York Times" year="2004"/>
      <identified-content>
        <person class="indexing_service">ZAKIN, RITA (WEINSTEIN)</person>
        <classifier class="online_producer" type="types_of_material">Paid Death Notice</classifier>
        <classifier class="online_producer" type="taxonomic_classifier">Top/Classifieds/Paid Death Notices</classifier>
      </identified-content>
    </docdata>
    <pubdata date.publication="20041022T000000" ex-ref="http://query.nytimes.com/gst/fullpage.html?res=9A0DEED81E3AF931A15753C1A9629C8B63" item-length="45" name="The New York Times" unit-of-measure="word"/>
  </head>
  <body>
    <body.head>
      <hedline>
        <hl1>Paid Notice: Deaths   ZAKIN, RITA (WEINSTEIN)</hl1>
      </hedline>
    </body.head>
    <body.content>
      <block class="lead_paragraph">
        <p>ZAKIN--Rita (Weinstein). Beloved wife, mother, grandmother and sister. Devoted to her family. Survived by her husband, Noel; children, Alan and Barbara, Charles and Rebecca; three grandchildren; and a sister, Belle Eichler. Services Friday 10AM, Plaza Jewish Community Chapel, West 91st Street and Amsterdam Avenue.</p>
      </block>
      <block class="full_text">
        <p>ZAKIN--Rita (Weinstein). Beloved wife, mother, grandmother and sister. Devoted to her family. Survived by her husband, Noel; children, Alan and Barbara, Charles and Rebecca; three grandchildren; and a sister, Belle Eichler. Services Friday 10AM, Plaza Jewish Community Chapel, West 91st Street and Amsterdam Avenue.</p>
      </block>
    </body.content>
  </body>
</nitf>
