<?xml version="1.0" encoding="UTF-8"?>
<!DOCTYPE nitf SYSTEM "http://www.nitf.org/IPTC/NITF/3.3/specification/dtd/nitf-3-3.dtd">
<nitf change.date="June 10, 2005" change.time="19:30" version="-//IPTC//DTD NITF 3.3//EN">
  <head>
    <title>With Fewer Takers, Guard Sweetens Its Offer</title>
    <meta content="17RESE$05" name="slug"/>
    <meta content="17" name="publication_day_of_month"/>
    <meta content="12" name="publication_month"/>
    <meta content="2004" name="publication_year"/>
    <meta content="Friday" name="publication_day_of_week"/>
    <meta content="National Desk" name="dsk"/>
    <meta content="1" name="print_page_number"/>
    <meta content="A" name="print_section"/>
    <meta content="1" name="print_column"/>
    <meta content="Front Page" name="online_sections"/>
    <docdata>
      <doc-id id-string="1635424"/>
      <doc.copyright holder="The New York Times" year="2004"/>
      <identified-content>
        <classifier class="indexing_service" type="descriptor">United States Armament and Defense</classifier>
        <classifier class="indexing_service" type="descriptor">Reserves (Military)</classifier>
        <classifier class="indexing_service" type="descriptor">Draft and Recruitment (Military)</classifier>
        <location class="indexing_service">New York City</location>
        <org class="indexing_service">National Guard (US)</org>
        <classifier class="online_producer" type="types_of_material">Caption</classifier>
        <classifier class="online_producer" type="taxonomic_classifier">Top/Classifieds/Job Market/Job Categories/Defense</classifier>
        <classifier class="online_producer" type="taxonomic_classifier">Top/Features/Travel/Guides/Destinations/North America/United States/New York/New York City</classifier>
        <classifier class="online_producer" type="taxonomic_classifier">Top/News/Front Page</classifier>
        <classifier class="online_producer" type="general_descriptor">Reserves (Military)</classifier>
        <classifier class="online_producer" type="general_descriptor">United States Armament and Defense</classifier>
        <classifier class="online_producer" type="general_descriptor">Armament, Defense and Military Forces</classifier>
      </identified-content>
    </docdata>
    <pubdata date.publication="20041217T000000" ex-ref="http://query.nytimes.com/gst/fullpage.html?res=9406E3DE1530F934A25751C1A9629C8B63" item-length="0" name="The New York Times" unit-of-measure="word"/>
  </head>
  <body>
    <body.head>
      <hedline>
        <hl1>With Fewer Takers, Guard Sweetens Its Offer</hl1>
      </hedline>
      <abstract>
        <p>Photo of Army National Guard recruitment center in Brooklyn</p>
      </abstract>
    </body.head>
    <body.content/>
  </body>
</nitf>
