<?xml version="1.0" encoding="UTF-8"?>
<!DOCTYPE nitf SYSTEM "http://www.nitf.org/IPTC/NITF/3.3/specification/dtd/nitf-3-3.dtd">
<nitf change.date="June 10, 2005" change.time="19:30" version="-//IPTC//DTD NITF 3.3//EN">
  <head>
    <title>Free Speech and Hate Speech: French Ruling Roils the Waters</title>
    <meta content="27FRAN$01" name="slug"/>
    <meta content="27" name="publication_day_of_month"/>
    <meta content="6" name="publication_month"/>
    <meta content="2005" name="publication_year"/>
    <meta content="Monday" name="publication_day_of_week"/>
    <meta content="Foreign Desk" name="dsk"/>
    <meta content="6" name="print_page_number"/>
    <meta content="A" name="print_section"/>
    <meta content="3" name="print_column"/>
    <meta content="World" name="online_sections"/>
    <meta content="http://www.nytimes.com/2005/06/27/international/europe/27france.html" name="alternate_url"/>
    <docdata>
      <doc-id id-string="1683395"/>
      <doc.copyright holder="The New York Times" year="2005"/>
      <identified-content>
        <classifier class="indexing_service" type="descriptor">Freedom of Speech and Expression</classifier>
        <classifier class="indexing_service" type="descriptor">Islam</classifier>
        <classifier class="indexing_service" type="descriptor">Jews</classifier>
        <classifier class="indexing_service" type="descriptor">Anti-Semitism</classifier>
        <location class="indexing_service">Europe</location>
        <person class="indexing_service">Smith, Craig S</person>
        <classifier class="online_producer" type="taxonomic_classifier">Top/News</classifier>
        <classifier class="online_producer" type="taxonomic_classifier">Top/News/World/Countries and Territories/France</classifier>
        <classifier class="online_producer" type="taxonomic_classifier">Top/News/World</classifier>
        <classifier class="online_producer" type="taxonomic_classifier">Top/News/World/Europe</classifier>
        <classifier class="online_producer" type="taxonomic_classifier">Top/Features/Travel/Guides/Destinations/Europe</classifier>
        <classifier class="online_producer" type="taxonomic_classifier">Top/Features/Travel/Guides/Destinations/Europe/France</classifier>
        <classifier class="online_producer" type="descriptor">Freedom of Speech and Expression</classifier>
        <classifier class="online_producer" type="general_descriptor">Anti-Semitism</classifier>
        <classifier class="online_producer" type="general_descriptor">Speech</classifier>
        <classifier class="online_producer" type="general_descriptor">Freedom of Speech and Expression</classifier>
        <classifier class="online_producer" type="general_descriptor">Islam</classifier>
        <classifier class="online_producer" type="general_descriptor">Jews</classifier>
        <classifier class="online_producer" type="general_descriptor">Religion and Churches</classifier>
        <location class="online_producer">France</location>
        <person class="online_producer">Le Pen, Jean-Marie</person>
      </identified-content>
    </docdata>
    <pubdata date.publication="20050627T000000" ex-ref="http://query.nytimes.com/gst/fullpage.html?res=9C04E5D6173AF934A15755C0A9639C8B63" item-length="1230" name="The New York Times" unit-of-measure="word"/>
  </head>
  <body>
    <body.head>
      <hedline>
        <hl1>Free Speech and Hate Speech: French Ruling Roils the Waters</hl1>
        <hl2 class="online_headline">Free Speech and Hate Speech: French Ruling Roils the Waters</hl2>
      </hedline>
      <byline class="print_byline">By CRAIG S. SMITH</byline>
      <byline class="normalized_byline">Smith, Craig S</byline>
      <dateline>PARIS, June 26</dateline>
      <abstract>
        <p>Laws that restrict hate speech are bumping up against laws that protect freedom of speech in many European countries ever since 9/11 terror attacks and beginning of second Palestinian intifada; many free-speech cases have been set off by criticism of Islam amid concerns about Europe's growing conservative Muslim population; enforcement varies according to national mood, and penalties for infractions are usually low, leaving field open to anyone willing to face reuslting opprobrium (M)</p>
      </abstract>
    </body.head>
    <body.content>
      <block class="lead_paragraph">
        <p>According to William Goldnadel, the 4 euros he won in a recent court case here is a windfall for Jews in France. Others only see it adding to a deficit of free speech in Europe.</p>
        <p>Three French intellectuals and the publisher of the nation's premier newspaper, LeMonde, were ordered by a French court in May to pay 1 euro each to Attorneys Without Borders, which Mr. Goldnadel leads, for defaming Jews in an op-ed article three years ago. The article, the court found, equated Jews with the state of Israel, whose policies the authors sharply criticized.</p>
      </block>
      <block class="online_lead_paragraph">
        <p>A recent court case is indicative of a surge of emotional discourse that is bumping against laws designed to guard against the fascist hate-mongering of the 1930's.</p>
      </block>
      <block class="full_text">
        <p>According to William Goldnadel, the 4 euros he won in a recent court case here is a windfall for Jews in France. Others only see it adding to a deficit of free speech in Europe.</p>
        <p>Three French intellectuals and the publisher of the nation's premier newspaper, LeMonde, were ordered by a French court in May to pay 1 euro each to Attorneys Without Borders, which Mr. Goldnadel leads, for defaming Jews in an op-ed article three years ago. The article, the court found, equated Jews with the state of Israel, whose policies the authors sharply criticized.</p>
        <p>The four men were also told to pay one euro each to an Israeli-French association, and LeMonde was ordered to publish a notice of the court's decision in its pages in the coming months.</p>
        <p>The case is one of many such complaints to land in European courts in recent years as a surge of emotional discourse -- regarding Muslims after the Sept. 11 attacks and Israel after the second Palestinian intifada -- bumps against post-Nazi laws intended to guard against the fascist hate-mongering of the 1930's.</p>
        <p>The far-right French politician Jean-Marie Le Pen has been taken to court on several occasions, accused of disparaging Muslims and discounting the Nazis' wartime atrocities. In 2002, the French author Michel Houellebecq was acquitted of inciting racial hatred in a 2001 novel that called Islam ''the stupidest religion.''</p>
        <p>Most recently, an Italian judge ordered the journalist Oriana Fallaci to stand trial on charges that she defamed Islam in her 2004 book, ''The Force of Reason.'' She wrote in the book that Islam ''sows hatred in the place of love and slavery in the place of freedom.''</p>
        <p>Some here say that Europe is struggling to adjust the boundaries of reasonable debate at the worst possible time.</p>
        <p>''The more insecure Europe is about its identity, the more dangerous it is to cross those boundaries,'' said Dominique Moïsi, an international relations specialist. ''Especially now, those boundaries are even more delicate because there is a danger of Europe falling prey to nationalistic and jingoistic reactions.''</p>
        <p>Most European countries have laws restricting hate speech that, even if they predate the mid-20th century rise of Nazism, have been reinforced by the shared history of the Holocaust. Even Britain, which protects freedom of speech in a spirit closer to that of the United States, is considering a law against ''incitement of religious hatred'' to go with a law against incitement of racial hatred.</p>
        <p>Many free-speech cases have been set off since Sept. 11 by criticism of Islam amid concerns about Europe's growing conservative Muslim population. That does not mean that such laws curb speech uniformly across Europe. Enforcement varies according to the national mood, and penalties for infractions are usually low, leaving the field open to anyone willing to face the resulting opprobrium.</p>
        <p>Theo van Gogh, for example, the Dutch filmmaker murdered in Amsterdam last Nov. 2 by an Islamist activist, was well known for his outrageous public comments about Muslims and Jews. One of his favorite epithets for conservative Muslims evoked bestiality with a goat, while in 1991 he wrote that ''it smells like caramel today, they must be burning the diabetic Jews.'' He was fined the equivalent of a few hundred dollars for that.</p>
        <p>The case of the article published in LeMonde arose amid a wave of scorn for Israeli policies that swept Europe after the outbreak of the second Palestinian intifada in September 2000. The mood soon fueled a surge in anti-Semitism in France, which has the largest Muslim population in Europe. ''Death to Jews!'' was shouted in Paris streets. Jewish children were attacked at schools; synagogues were burned. Emotions peaked during the Israeli Defense Force's reoccupation of Palestinian areas from March to May 2002. Political cartoons across Europe equated Prime Minister Ariel Sharon with Hitler.</p>
        <p>The article, published in June 2002, was nothing remarkable to American readers accustomed to raucous, sometimes racist public debate. But public criticism of racial or religious groups is forbidden in France, which is vigilant in policing public speech in pursuit of its vision of a homogenous, secular nation free of sectarian divisions.</p>
        <p>The authors -- one of whom is Jewish -- condemned Mr. Sharon, accusing him of ''oppressing and asphyxiating the Palestinian population.''</p>
        <p>One of the passages cited by the court read, ''One finds it hard to imagine that a nation of fugitives descended from the people which has been persecuted the longest in the history of humanity, having been subjected to the worst humiliations and the deepest contempt, would be capable of transforming itself in two generations into a 'dominating and self-assured people' and, with the exception of an admirable minority, a contemptuous people taking satisfaction in humiliating others.''</p>
        <p>The phrase ''dominating and self-assured people'' was taken from a speech by Charles de Gaulle, who used it to describe Israelis in the aftermath of the 1967 war.</p>
        <p>Mr. Goldnadel filed a complaint on behalf of his organization and the France-Israel Association, charging the authors with racial defamation.</p>
        <p>At the subsequent trial, the judge found that any reasonable reader would understand the attack to be against the Sharon government and its supporters, rather than against all Jews. An appeals court, however, decided that three sentences in the 2,665-word article constituted racial defamation under a 1990 antiracism law.</p>
        <p>Catherine Cohen, the lawyer for LeMonde, said the defendants had applied for the case to be heard by France's highest court of appeals, the Court of Cassation, which could uphold the verdict or annul it. Either way, the defendants must pay their token fines and LeMonde must publish the verdict in its pages.</p>
        <p>An open letter in support of the defendants, signed by 100 French intellectuals and published in LeMonde last year, argued that criticizing the Israeli government ''and even the majority of Israelis who support it,'' is far from a condemnation of all Jews. It warned that the case ''shows the serious threat, which often takes the form of intimidation, that is looming over freedom of expression in France.''</p>
        <p>But Mr. Goldnadel sees the case as part of a larger shift in what is acceptable in public discourse that began with the start of the second intifada. ''Since the intifada, the media has suddenly discovered freedom of expression,'' he said. ''When speaking of Israel or Zionism they say anything they want to now.''</p>
        <p>This is not the first case Mr. Goldnadel has brought against LeMonde: in 1999 he sued the newspaper, accusing it of defaming Serbs by equating them with the policies of Slobodan Milosevic. He lost at trial and won on appeal, but lost in the Court of Cassation.</p>
        <p>In June 2001, Mr. Goldnadel's group brought charges against Daniel Mermet, a journalist at Radio France, for broadcasting comments from listeners who blamed Jews in general for Israeli policies, complaining that they had exploited the sympathy won during World War II. Mr. Goldnadel lost in the trial and in the appeal.</p>
        <p>He said he hoped the appeals court decision in the latest case represented an effort to address the sharp rise in anti-Semitism that the government and judiciary have been accused of ignoring.</p>
        <p>''No one denies now that there has been a rise in anti-Semitism tied to the Israeli-Palestinian conflict,'' he said.</p>
      </block>
    </body.content>
  </body>
</nitf>
