<?xml version="1.0" encoding="UTF-8"?>
<!DOCTYPE nitf SYSTEM "http://www.nitf.org/IPTC/NITF/3.3/specification/dtd/nitf-3-3.dtd">
<nitf change.date="June 10, 2005" change.time="19:30" version="-//IPTC//DTD NITF 3.3//EN">
  <head>
    <title>Corrections</title>
    <meta content="29corrections-1" name="slug"/>
    <meta content="29" name="publication_day_of_month"/>
    <meta content="1" name="publication_month"/>
    <meta content="2006" name="publication_year"/>
    <meta content="Sunday" name="publication_day_of_week"/>
    <meta content="Metropolitan Desk" name="dsk"/>
    <meta content="2" name="print_page_number"/>
    <meta content="1" name="print_section"/>
    <meta content="5" name="print_column"/>
    <meta content="Corrections; New York and Region" name="online_sections"/>
    <docdata>
      <doc-id id-string="1735751"/>
      <doc.copyright holder="The New York Times" year="2006"/>
      <identified-content>
        <classifier class="indexing_service" type="descriptor">Stocks and Bonds</classifier>
        <classifier class="indexing_service" type="descriptor">Correction Stories</classifier>
        <classifier class="online_producer" type="types_of_material">Correction</classifier>
        <classifier class="online_producer" type="taxonomic_classifier">Top/News/New York and Region</classifier>
        <classifier class="online_producer" type="taxonomic_classifier">Top/News/Corrections</classifier>
        <classifier class="online_producer" type="general_descriptor">Stocks and Bonds</classifier>
        <classifier class="online_producer" type="general_descriptor">Finances</classifier>
      </identified-content>
    </docdata>
    <pubdata date.publication="20060129T000000" ex-ref="http://query.nytimes.com/gst/fullpage.html?res=980DE5DD1E3FF93AA15752C0A9609C8B63" item-length="24" name="The New York Times" unit-of-measure="word"/>
  </head>
  <body>
    <body.head>
      <hedline>
        <hl1>Corrections</hl1>
      </hedline>
      <abstract>
        <p>Correction of Jan 28 stock tables</p>
      </abstract>
    </body.head>
    <body.content>
      <block class="lead_paragraph">
        <p>Because of a production error, the stock tables in some copies yesterday contained outdated information. Correct prices can be found at nytimes.com/business.</p>
      </block>
      <block class="full_text">
        <p>Because of a production error, the stock tables in some copies yesterday contained outdated information. Correct prices can be found at nytimes.com/business.</p>
      </block>
    </body.content>
  </body>
</nitf>
