<?xml version="1.0" encoding="UTF-8"?>
<!DOCTYPE nitf SYSTEM "http://www.nitf.org/IPTC/NITF/3.3/specification/dtd/nitf-3-3.dtd">
<nitf change.date="June 10, 2005" change.time="19:30" version="-//IPTC//DTD NITF 3.3//EN">
  <head>
    <title>Corrections</title>
    <meta content="04corrections-3" name="slug"/>
    <meta content="4" name="publication_day_of_month"/>
    <meta content="3" name="publication_month"/>
    <meta content="2006" name="publication_year"/>
    <meta content="Saturday" name="publication_day_of_week"/>
    <meta content="Metropolitan Desk" name="dsk"/>
    <meta content="2" name="print_page_number"/>
    <meta content="A" name="print_section"/>
    <meta content="3" name="print_column"/>
    <meta content="Corrections; New York and Region" name="online_sections"/>
    <docdata>
      <doc-id id-string="1744074"/>
      <doc.copyright holder="The New York Times" year="2006"/>
      <identified-content>
        <classifier class="indexing_service" type="descriptor">Correction Stories</classifier>
        <classifier class="indexing_service" type="descriptor">Evangelical Movement</classifier>
        <org class="indexing_service">Supreme Court (US)</org>
        <person class="indexing_service">Alito, Samuel A Jr (Assoc Justice)</person>
        <person class="indexing_service">Dobson, James C (Dr)</person>
        <classifier class="online_producer" type="types_of_material">Correction</classifier>
        <classifier class="online_producer" type="taxonomic_classifier">Top/News/New York and Region</classifier>
        <classifier class="online_producer" type="taxonomic_classifier">Top/News/Corrections</classifier>
        <classifier class="online_producer" type="general_descriptor">Evangelical Movement</classifier>
        <classifier class="online_producer" type="general_descriptor">Christians and Christianity</classifier>
        <classifier class="online_producer" type="general_descriptor">Religion and Churches</classifier>
      </identified-content>
    </docdata>
    <pubdata date.publication="20060304T000000" ex-ref="http://query.nytimes.com/gst/fullpage.html?res=9D0DE7D91431F937A35750C0A9609C8B63" item-length="109" name="The New York Times" unit-of-measure="word"/>
  </head>
  <body>
    <body.head>
      <hedline>
        <hl1>Corrections</hl1>
      </hedline>
      <abstract>
        <p>March 2 headline about note of thanks Justice Samuel A Alito Jr wrote to Dr James C Dobson referred incorrectly to Dobson; he is evangelical Christian</p>
      </abstract>
    </body.head>
    <body.content>
      <block class="lead_paragraph">
        <p>A headline on Thursday about a note of thanks that Justice Samuel A. Alito Jr. wrote to Dr. James C. Dobson, founder of Focus on the Family, referred incorrectly to Dr. Dobson. He is an evangelical Christian, but not an evangelist.</p>
      </block>
      <block class="full_text">
        <p>A headline on Thursday about a note of thanks that Justice Samuel A. Alito Jr. wrote to Dr. James C. Dobson, founder of Focus on the Family, referred incorrectly to Dr. Dobson. He is an evangelical Christian, but not an evangelist.</p>
      </block>
    </body.content>
  </body>
</nitf>
