<?xml version="1.0" encoding="UTF-8"?>
<!DOCTYPE nitf SYSTEM "http://www.nitf.org/IPTC/NITF/3.3/specification/dtd/nitf-3-3.dtd">
<nitf change.date="June 10, 2005" change.time="19:30" version="-//IPTC//DTD NITF 3.3//EN">
  <head>
    <title>Paid Notice: Memorials   HEKIMIAN, LEON, MD.</title>
    <meta content="dn051406.1" name="slug"/>
    <meta content="14" name="publication_day_of_month"/>
    <meta content="5" name="publication_month"/>
    <meta content="2006" name="publication_year"/>
    <meta content="Sunday" name="publication_day_of_week"/>
    <meta content="Classified" name="dsk"/>
    <meta content="33" name="print_page_number"/>
    <meta content="1" name="print_section"/>
    <meta content="3" name="print_column"/>
    <meta content="Paid Death Notices" name="online_sections"/>
    <docdata>
      <doc-id id-string="1761408"/>
      <doc.copyright holder="The New York Times" year="2006"/>
      <identified-content>
        <person class="indexing_service">HEKIMIAN, LEON, MD.</person>
        <classifier class="online_producer" type="types_of_material">Paid Memorial Notice</classifier>
        <classifier class="online_producer" type="taxonomic_classifier">Top/Classifieds/Paid Death Notices</classifier>
      </identified-content>
    </docdata>
    <pubdata date.publication="20060514T000000" ex-ref="http://query.nytimes.com/gst/fullpage.html?res=9900E1D9133AF937A25756C0A9609C8B63" item-length="16" name="The New York Times" unit-of-measure="word"/>
  </head>
  <body>
    <body.head>
      <hedline>
        <hl1>Paid Notice: Memorials   HEKIMIAN, LEON, MD.</hl1>
      </hedline>
    </body.head>
    <body.content>
      <block class="lead_paragraph">
        <p>HEKIMIAN--Leon, MD. On your birthday. ''O death in life the days that are no more''.</p>
      </block>
      <block class="full_text">
        <p>HEKIMIAN--Leon, MD. On your birthday. ''O death in life the days that are no more''.</p>
      </block>
    </body.content>
  </body>
</nitf>
