<?xml version="1.0" encoding="UTF-8"?>
<!DOCTYPE nitf SYSTEM "http://www.nitf.org/IPTC/NITF/3.3/specification/dtd/nitf-3-3.dtd">
<nitf change.date="June 10, 2005" change.time="19:30" version="-//IPTC//DTD NITF 3.3//EN">
  <head>
    <title>Paid Notice: Memorials  WESTCARR, ALEXANDER</title>
    <meta content="dn081806" name="slug"/>
    <meta content="18" name="publication_day_of_month"/>
    <meta content="8" name="publication_month"/>
    <meta content="2006" name="publication_year"/>
    <meta content="Friday" name="publication_day_of_week"/>
    <meta content="Classified" name="dsk"/>
    <meta content="10" name="print_page_number"/>
    <meta content="C" name="print_section"/>
    <meta content="1" name="print_column"/>
    <meta content="Paid Death Notices" name="online_sections"/>
    <docdata>
      <doc-id id-string="1783533"/>
      <doc.copyright holder="The New York Times" year="2006"/>
      <identified-content>
        <person class="indexing_service">WESTCARR, ALEXANDER</person>
        <classifier class="online_producer" type="types_of_material">Paid Memorial Notice</classifier>
        <classifier class="online_producer" type="taxonomic_classifier">Top/Classifieds/Paid Death Notices</classifier>
      </identified-content>
    </docdata>
    <pubdata date.publication="20060818T000000" ex-ref="http://query.nytimes.com/gst/fullpage.html?res=9906E0D8163AF93BA2575BC0A9609C8B63" item-length="15" name="The New York Times" unit-of-measure="word"/>
  </head>
  <body>
    <body.head>
      <hedline>
        <hl1>Paid Notice: Memorials  WESTCARR, ALEXANDER</hl1>
      </hedline>
    </body.head>
    <body.content>
      <block class="lead_paragraph">
        <p>WESTCARR--Alexander. August 16, 1948. In God always loving; In God forever loved. Shirley and Lorraine</p>
      </block>
      <block class="full_text">
        <p>WESTCARR--Alexander. August 16, 1948. In God always loving; In God forever loved. Shirley and Lorraine</p>
      </block>
    </body.content>
  </body>
</nitf>
