<?xml version="1.0" encoding="UTF-8"?>
<!DOCTYPE nitf SYSTEM "http://www.nitf.org/IPTC/NITF/3.3/specification/dtd/nitf-3-3.dtd">
<nitf change.date="June 10, 2005" change.time="19:30" version="-//IPTC//DTD NITF 3.3//EN">
  <head>
    <title>Aiming to Be the Truck of Patriots</title>
    <meta content="26adco" name="slug"/>
    <meta content="26" name="publication_day_of_month"/>
    <meta content="9" name="publication_month"/>
    <meta content="2006" name="publication_year"/>
    <meta content="Tuesday" name="publication_day_of_week"/>
    <meta content="Business/Financial Desk" name="dsk"/>
    <meta content="3" name="print_page_number"/>
    <meta content="C" name="print_section"/>
    <meta content="1" name="print_column"/>
    <meta content="Business" name="online_sections"/>
    <meta content="http://www.nytimes.com/2006/09/26/business/media/26adco.html" name="alternate_url"/>
    <docdata>
      <doc-id id-string="1792888"/>
      <doc.copyright holder="The New York Times" year="2006"/>
      <series series.name="ADVERTISING"/>
      <identified-content>
        <classifier class="online_producer" type="taxonomic_classifier">Top/News/Business</classifier>
        <classifier class="online_producer" type="taxonomic_classifier">Top/News/Business/Media and Advertising</classifier>
        <classifier class="online_producer" type="taxonomic_classifier">Top/News/Business/Small Business/Marketing and Advertising</classifier>
        <classifier class="online_producer" type="taxonomic_classifier">Top/News</classifier>
        <classifier class="online_producer" type="taxonomic_classifier">Top/Features/Travel/Guides/Activities and Interests/Road Trips</classifier>
        <classifier class="online_producer" type="taxonomic_classifier">Top/Classifieds/Job Market/Job Categories/Marketing, Advertising and PR</classifier>
        <classifier class="online_producer" type="descriptor">Advertising and Marketing</classifier>
        <classifier class="online_producer" type="descriptor">Automobiles</classifier>
        <classifier class="online_producer" type="general_descriptor">Utility Vehicles and Other Light Trucks</classifier>
        <classifier class="online_producer" type="general_descriptor">Automobiles</classifier>
        <classifier class="online_producer" type="general_descriptor">International Trade and World Market</classifier>
        <classifier class="online_producer" type="general_descriptor">Advertising and Marketing</classifier>
        <org class="online_producer">Chevrolet Division of General Motors Corp</org>
        <org class="online_producer">General Motors Corp</org>
        <org class="online_producer">Toyota Motor Corp</org>
        <org class="online_producer">Ford Motor Co</org>
        <org class="online_producer">DaimlerChrysler AG</org>
        <person class="online_producer">Mellencamp, John</person>
      </identified-content>
    </docdata>
    <pubdata date.publication="20060926T000000" ex-ref="http://query.nytimes.com/gst/fullpage.html?res=9E01EFDB1F31F935A1575AC0A9609C8B63" item-length="1057" name="The New York Times" unit-of-measure="word"/>
  </head>
  <body>
    <body.head>
      <hedline>
        <hl1>Aiming to Be the Truck of Patriots</hl1>
        <hl2 class="online_headline">Aiming to Be the Truck of Patriots</hl2>
      </hedline>
      <byline class="print_byline">By NICK BUNKLEY</byline>
      <byline class="normalized_byline">Bunkley, Nick</byline>
      <dateline>DETROIT, Sept. 25</dateline>
    </body.head>
    <body.content>
      <block class="lead_paragraph">
        <p>When the new Chevrolet Silverado pickups begin rolling out of factories this fall, they will have stronger frames, more fuel-efficient engines and a metaphorical American flag in the rear window.</p>
        <p>Starting this weekend, General Motors will run ads that tap into patriotism. The same brand that likened itself to baseball, hot dogs and apple pie in commercials in the 1970's now hopes to kindle the same feelings by positioning the Silverado as America's truck.</p>
      </block>
      <block class="online_lead_paragraph">
        <p>Starting this weekend, General Motors will run ads that tap into patriotism, positioning the Chevrolet Silverado as America’s truck.</p>
      </block>
      <block class="full_text">
        <p>When the new Chevrolet Silverado pickups begin rolling out of factories this fall, they will have stronger frames, more fuel-efficient engines and a metaphorical American flag in the rear window.</p>
        <p>Starting this weekend, General Motors will run ads that tap into patriotism. The same brand that likened itself to baseball, hot dogs and apple pie in commercials in the 1970's now hopes to kindle the same feelings by positioning the Silverado as America's truck.</p>
        <p>No longer is the Silverado ''like a rock,'' as Bob Seger insisted for years. Chevy has enlisted singer John Mellencamp, whose soon-to-be-released anthem ''Our Country'' will be the background of the new campaign.</p>
        <p>The first of the ads is filled with images of historic moments in recent American history -- Rosa Parks on the bus, Martin Luther King speaking, the aftermath of Sept. 11, Hurricane Katrina's devastation -- and ends with the tagline: ''This is our country. This is our truck.''</p>
        <p>To be sure, the campaign includes the obligatory boasts of brute strength and toughness. But the new ads show that in an increasingly crowded market, G.M. feels the need to connect with truck lovers in a more emotional way.</p>
        <p>''Our goal is to own the hearts of the American pickup buyer,'' said Kim Kosak, G.M.'s general director of advertising and sales promotions.</p>
        <p>Another goal -- and a more pressing one -- is to ward off Japanese rivals who have made inroads in the full-size pickup truck market, the last bastion of the American automakers.</p>
        <p>This fall, Toyota is introducing a retooled version of its Tundra pickup, a model seen as a significant threat to the segment's long-established leaders, the Silverado, the top-selling model at G.M., and the F-150, the top seller at Ford.</p>
        <p>Pickups are critical to the turnaround efforts at both G.M. and the Ford Motor Company, not only because of their popularity but because the profit margins they carry are many times those of passenger cars.</p>
        <p>''G.M.'s full-size pickup line is the single largest contributor to the company's profitability,'' said John Casesa, an automotive analyst and managing partner of Casesa Strategic Advisers in New York. ''It's the backbone of the company's North American business. It makes a real difference if sales are up or down 5 percent.''</p>
        <p>Detroit's automakers have long encouraged consumers to ''buy American,'' perhaps most famously through Chrysler's gregarious former chairman, Lee Iacocca. The Big Three carmakers' falling market share may be a sign that the buy American sentiment is fading.</p>
        <p>But pickup buyers are different from other car shoppers. A majority of trucks are purchased to be used on the job, and their drivers cannot easily downsize to more fuel-efficient cars to follow the example of people who abandoned sport utility vehicles when gasoline prices rose to $3 a gallon.</p>
        <p>Urging consumers to buy American ''has never worked in any other segment of the vehicle market, so ultimately I don't know that it will work here,'' Mr. Casesa said. ''But if there's any segment in which the American appeal would work, this is it.''</p>
        <p>Foreign carmakers have been less successful at selling trucks because pickups are largely unpopular outside the United States, and satisfaction with American trucks remains high.</p>
        <p>G.M. maintains that market research it conducted in developing its new campaign showed there is a strong sentiment toward American-made trucks, even in cities on the East and West Coasts where foreign cars are most common.</p>
        <p>''They want to buy an American truck, because they feel Americans still make better pickups than anyone on the market, because they consider us the truck experts,'' Ms. Kosak said.</p>
        <p>Gary Pascoe, executive vice president of Campbell-Ewald, the agency behind the Silverado campaign, said: ''No other country can build this truck -- not Korea, not Japan, not Germany. It is a pure reflection of the American experience.''</p>
        <p>Patriotic themes are not new for G.M., which offered a ''Keep America Rolling'' promotion in the months after the 2001 terrorist attacks. Chevy has at various times claimed to be ''an American revolution'' and ''the heartbeat of America'' since its ''baseball, hot dogs, apple pie and Chevrolet'' ads, which were revived briefly this past summer.</p>
        <p>Similar themes can be seen at Ford, which uses ''Red, White and Bold'' as a rallying cry for its employees and has declared itself to be ''America's car company.''</p>
        <p>G.M.'s attempt to make the Silverado the country's unofficial pickup will not go unchallenged by Ford, whose F-150 has been the best-selling vehicle in the United States for 30 years.</p>
        <p>''Our strategy is to act like leaders and not posture about leadership,'' said a Ford spokesman, Jim Cain. ''That means an intense focus on the customer, regular investment in the product and innovation. I think our track record on all those fronts speaks for itself.''</p>
        <p>In 2005, Ford sold about 901,000 F-150's to Chevy's 706,000 Silverados. G.M. also sold 229,000 of its GMC Sierra, a more luxurious version of the Silverado.</p>
        <p>The new Silverado and Sierra are scheduled to arrive at dealerships next month. They will be shown publicly for the first time Wednesday at the State Fair of Texas. (As proof of how important Texas is for pickup sales, the campaign will feature a television spot created specifically to run in Texas.)</p>
        <p>The first national television spot is scheduled to run this Saturday during ABC's college football broadcasts. Chevy is also sponsoring NBC's Sunday night N.F.L. broadcast with a 90-second introduction asserting that the Silverado is as uniquely American as football.</p>
        <p>More ads will begin running Oct. 21, during the first game of the World Series. Those spots continue the ''Our Country, Our Truck'' theme, showing the truck's target buyers -- active men -- at work and at play. ''This is our breakfast,'' one spot says as a forklift snares piles of lumber. ''This is our chat room,'' it continues as two men relax at a rural coffee shop.</p>
        <p>A separate parallel campaign aimed at Hispanic audiences will run simultaneously, although G.M. did not reveal specifics Monday.</p>
        <p>G.M.'s flag-waving Silverado campaign contrasts sharply with another recent ad blitz from one of its competitors. The Chrysler Group, a division of DaimlerChrysler, highlighted its German ties in a series of quirky, endlessly repeated spots featuring the company's chief executive, Dieter Zetsche, under the nickname ''Dr. Z.''</p>
        <p>Those ads were pulled after they failed to reach sales goals, although the company said they could return someday.</p>
        <p>ADVERTISING</p>
      </block>
    </body.content>
  </body>
</nitf>
