<?xml version="1.0" encoding="UTF-8"?>
<!DOCTYPE nitf SYSTEM "http://www.nitf.org/IPTC/NITF/3.3/specification/dtd/nitf-3-3.dtd">
<nitf change.date="June 10, 2005" change.time="19:30" version="-//IPTC//DTD NITF 3.3//EN">
  <head>
    <title>Paid Notice: Deaths   PARKER, JACK</title>
    <meta content="dn010607" name="slug"/>
    <meta content="6" name="publication_day_of_month"/>
    <meta content="1" name="publication_month"/>
    <meta content="2007" name="publication_year"/>
    <meta content="Saturday" name="publication_day_of_week"/>
    <meta content="Classified" name="dsk"/>
    <meta content="16" name="print_page_number"/>
    <meta content="A" name="print_section"/>
    <meta content="3" name="print_column"/>
    <meta content="Paid Death Notices" name="online_sections"/>
    <docdata>
      <doc-id id-string="1816633"/>
      <doc.copyright holder="The New York Times" year="2007"/>
      <identified-content>
        <person class="indexing_service">PARKER, JACK</person>
        <classifier class="online_producer" type="types_of_material">Paid Death Notice</classifier>
        <classifier class="online_producer" type="taxonomic_classifier">Top/Classifieds/Paid Death Notices</classifier>
      </identified-content>
    </docdata>
    <pubdata date.publication="20070106T000000" ex-ref="http://query.nytimes.com/gst/fullpage.html?res=9C06E0DB1E3AF935A35752C0A9619C8B63" item-length="26" name="The New York Times" unit-of-measure="word"/>
  </head>
  <body>
    <body.head>
      <hedline>
        <hl1>Paid Notice: Deaths   PARKER, JACK</hl1>
      </hedline>
    </body.head>
    <body.content>
      <block class="lead_paragraph">
        <p>PARKER--Jack. We will love you and miss you forever. Our love and condolences to Norma, Nancy, Jane and all the family. Sidney and Renee Parker</p>
      </block>
      <block class="full_text">
        <p>PARKER--Jack. We will love you and miss you forever. Our love and condolences to Norma, Nancy, Jane and all the family. Sidney and Renee Parker</p>
      </block>
    </body.content>
  </body>
</nitf>
