<?xml version="1.0" encoding="UTF-8"?>
<!DOCTYPE nitf SYSTEM "http://www.nitf.org/IPTC/NITF/3.3/specification/dtd/nitf-3-3.dtd">
<nitf change.date="June 10, 2005" change.time="19:30" version="-//IPTC//DTD NITF 3.3//EN">
  <head>
    <title>At Rice, a Scorer's Patience Is Starting to Pay Off</title>
    <meta content="27rice" name="slug"/>
    <meta content="27" name="publication_day_of_month"/>
    <meta content="1" name="publication_month"/>
    <meta content="2007" name="publication_year"/>
    <meta content="Saturday" name="publication_day_of_week"/>
    <meta content="Sports Desk" name="dsk"/>
    <meta content="5" name="print_page_number"/>
    <meta content="D" name="print_section"/>
    <meta content="2" name="print_column"/>
    <meta content="Sports" name="online_sections"/>
    <meta content="http://www.nytimes.com/2007/01/27/sports/ncaabasketball/27rice.html" name="alternate_url"/>
    <docdata>
      <doc-id id-string="1821760"/>
      <doc.copyright holder="The New York Times" year="2007"/>
      <series series.name="COLLEGES"/>
      <identified-content>
        <classifier class="indexing_service" type="descriptor">Basketball</classifier>
        <classifier class="indexing_service" type="descriptor">Draft and Recruitment (Sports)</classifier>
        <org class="indexing_service">Rice University</org>
        <person class="indexing_service">Evans, Thayer</person>
        <person class="indexing_service">Almond, Morris</person>
        <classifier class="online_producer" type="taxonomic_classifier">Top/News</classifier>
        <classifier class="online_producer" type="taxonomic_classifier">Top/News/Sports</classifier>
        <classifier class="online_producer" type="taxonomic_classifier">Top/News/Sports/College Basketball</classifier>
        <classifier class="online_producer" type="descriptor">Basketball</classifier>
        <classifier class="online_producer" type="descriptor">College Athletics</classifier>
        <classifier class="online_producer" type="general_descriptor">Draft and Recruitment (Sports)</classifier>
        <classifier class="online_producer" type="general_descriptor">Basketball</classifier>
        <classifier class="online_producer" type="general_descriptor">College Athletics</classifier>
      </identified-content>
    </docdata>
    <pubdata date.publication="20070127T000000" ex-ref="http://query.nytimes.com/gst/fullpage.html?res=9D03E6DA173FF934A15752C0A9619C8B63" item-length="891" name="The New York Times" unit-of-measure="word"/>
  </head>
  <body>
    <body.head>
      <hedline>
        <hl1>At Rice, a Scorer's Patience Is Starting to Pay Off</hl1>
        <hl2 class="online_headline">At Rice, a Scorer’s Patience Is Starting to Pay Off</hl2>
      </hedline>
      <byline class="print_byline">By THAYER EVANS</byline>
      <byline class="normalized_byline">Evans, Thayer</byline>
      <dateline>HOUSTON, Jan. 26</dateline>
      <abstract>
        <p>Rice University men's basketball player Morris Almond could be selected in first round of NBA draft this year; photo (M)</p>
      </abstract>
    </body.head>
    <body.content>
      <block class="lead_paragraph">
        <p>When Morris Almond chose to attend Rice four years ago over such traditional basketball powers as Indiana, Notre Dame and Virginia, everyone seemed to have the same quip.</p>
        <p>''I heard more Rice-A-Roni jokes than you could imagine,'' Almond said.</p>
      </block>
      <block class="online_lead_paragraph">
        <p>A likely first-round pick in the N.B.A. draft in June, Rice's Morris Almond was the third-leading scorer in N.C.A.A. Division I entering Friday at 27.7 points a game.</p>
      </block>
      <block class="full_text">
        <p>When Morris Almond chose to attend Rice four years ago over such traditional basketball powers as Indiana, Notre Dame and Virginia, everyone seemed to have the same quip.</p>
        <p>''I heard more Rice-A-Roni jokes than you could imagine,'' Almond said.</p>
        <p>But after a breakout junior season in which he set a Conference USA record for scoring and significantly bolstered his stock in workouts with N.B.A. teams before returning to Rice, Almond has those same impromptu comedians eating their words.</p>
        <p>A likely first-round pick in the N.B.A. draft in June, Almond was the third-leading scorer in N.C.A.A. Division I entering Friday at 27.7 points a game, despite being the focal point of opposing defenses that often double- and triple-team him. He trailed only the Jackson State freshman guard Trey Jackson (29.9 ppg) and the Virginia Military Institute junior forward Reggie Williams (28.1 ppg).</p>
        <p>Almond's play this season has been noticed by opponents and N.B.A. scouts, but it is often overlooked nationally and even locally. Rice, an academically prestigious institution, is an unlikely place to find one of the nation's leading basketball talents. Its most successful alumnus in the N.B.A. was the former Milwaukee Bucks star Ricky Pierce, whose career ended in 1998.</p>
        <p>''At a small school like Rice, you fly under the radar,'' Almond said.</p>
        <p>A gliding scorer, the unassuming Almond is often compared to Allan Houston, the former Knicks guard, for his deft outside shooting touch and instant offense.</p>
        <p>A 6-foot-6, 215-pound guard, Almond is shooting 47.7 percent from the field, including a 43.1 percent average on 3-pointers, and 87.4 percent at the free-throw line, where he averages just over 10 attempts a game. He is also averaging 6.9 rebounds and 1.3 steals per game for the Owls (10-8, 4-1).</p>
        <p>''He's got the total package,'' Texas-El Paso Coach Tony Barbee said after his team surrendered 29 points to Almond during a 73-67 loss Wednesday night. ''He's got the size, the athleticism, the skill and the basketball I.Q. Those guys are in the N.B.A., and that's where he's going to be one day.''</p>
        <p>Conference USA's preseason player of the year, Almond has scored 30 points or more five times this season, including a single-game league record of 44 points against Vanderbilt earlier this month.</p>
        <p>But before Almond's breakout junior season, in which he averaged 21.9 points, he did not start a single game and averaged only 6 points a game.</p>
        <p>After playing on the Georgia Stars, an A.A.U. team that featured eight N.C.A.A. Division I signees, and also playing with Atlanta Hawks forward Josh Smith at McEachern High School in Powder Springs, Ga., Almond expected to make an immediate impact at Rice.</p>
        <p>But with three players who went on to score more than 1,000 points at Rice when Almond arrived in 2003, the Owls were saturated with scorers, leaving little playing time available.</p>
        <p>''He never wavered,'' Rice Coach Willis Wilson said. ''I give him all the credit in the world.''</p>
        <p>Still, there were glimpses of Almond's scoring prowess. During his freshman year, he scored 15 points in 14 minutes against San Jose State. As a sophomore, he had 18 points in 12 minutes against Louisiana Tech.</p>
        <p>''People used to laugh, but I'd tell people, 'Almond is the kind of kid that can lead the nation in scoring,' '' Wilson said.</p>
        <p>After his junior year, Almond declared himself eligible for the N.B.A. draft. He played well enough in workouts with five N.B.A. teams to earn an invitation to the N.B.A.'s pre-draft camp in Orlando, Fla.</p>
        <p>There, he excelled in front of general managers who had never seen him. But he was unable to get a team to commit to selecting him in the tier of players who receive guaranteed contracts, so he returned to Rice.</p>
        <p>Almond is now projected as a mid-to-late first-round pick in this year's draft, which figures to be lean on guard prospects, said Chad Ford, an N.B.A. draft analyst for ESPN.com.</p>
        <p>''He's more N.B.A.-ready than some of the guys because he can shoot the ball, his age and his physical maturity,'' Ford said in a telephone interview. ''A guy like Almond could get minutes right away.''</p>
        <p>Ford added: ''The biggest thing that hurts him is that he's doing this for Rice. If he was on North Carolina or Duke or something, we'd probably be talking about this guy as a top-10 pick.''</p>
        <p>The success of Almond has also garnered the attention of Smith, who says he tries to watch his former teammate when Rice is on television. ''I always knew he was a scorer,'' Smith said in a telephone interview.</p>
        <p>Since their days in high school, Smith, who skipped college and went directly to the N.B.A., said he has respected Almond for his determination.</p>
        <p>''He was always the guy that was in the library,'' Smith said. ''When everybody was out there kicking it outside, he was getting his studies. He's a real smart kid.''</p>
        <p>Almond, who has a 3.0 grade-point average, will graduate in May with a degree in sports management. Earlier this season, Almond learned how to cook from Wilson's wife, Vicki. Under her guidance, he and another teammate prepared a lasagna dinner and a fruit pizza dessert that received raves from his coach.</p>
        <p>''Morris has a lot of focus and discipline,'' Vicki Wilson said in a telephone interview. ''Whatever he decides to do, he can.''</p>
        <p>COLLEGES</p>
      </block>
    </body.content>
  </body>
</nitf>
